,date,kospi_adj_close,kospi_volume,kosdaq_adj_close,kosdaq_volume,usd_krw_adj_close,year,month,day
0,2018-01-02,2479.649902,262200,812.450012,989200,1065.219971,2018,1,2
1,2018-01-03,2486.350098,331100,822.309998,1203100,1062.540039,2018,1,3
2,2018-01-04,2466.459961,333800,808.01001,1346500,1063.939941,2018,1,4
3,2018-01-05,2497.52002,308800,828.030029,1229200,1061.079956,2018,1,5
4,2018-01-08,2513.280029,311400,839.51001,1229000,1060.5,2018,1,8
5,2018-01-09,2510.22998,374300,829.98999,1196000,1067.689941,2018,1,9
6,2018-01-10,2499.75,444000,834.909973,1104100,1071.73999,2018,1,10
7,2018-01-11,2487.909912,444300,852.51001,1288800,1069.670044,2018,1,11
8,2018-01-12,2496.419922,438800,873.049988,1180700,1065.140015,2018,1,12
9,2018-01-15,2503.72998,404600,891.609985,1025700,1055.800049,2018,1,15
10,2018-01-16,2521.73999,341600,901.22998,1009400,1061.819946,2018,1,16
11,2018-01-17,2515.429932,336700,886.580017,1212000,1062.459961,2018,1,17
12,2018-01-18,2515.810059,333100,898.190002,1260200,1066.560059,2018,1,18
13,2018-01-19,2520.26001,351800,879.98999,1164700,1069.689941,2018,1,19
14,2018-01-22,2502.110107,343000,873.090027,1126600,1066.359985,2018,1,22
15,2018-01-23,2536.600098,370000,894.429993,1047300,1068.810059,2018,1,23
16,2018-01-24,2538.0,371100,894.77002,1011700,1072.76001,2018,1,24
17,2018-01-25,2562.22998,514600,898.599976,1025000,1064.400024,2018,1,25
18,2018-01-26,2574.76001,400600,913.119995,1080200,1064.890015,2018,1,26
19,2018-01-29,2598.189941,437500,927.049988,1279600,1063.130005,2018,1,29
20,2018-01-30,2567.73999,397000,920.960022,1243800,1069.790039,2018,1,30
21,2018-01-31,2566.459961,403100,913.570007,1195300,1072.540039,2018,1,31
22,2018-02-01,2568.540039,595100,908.200012,1407700,1069.02002,2018,2,1
23,2018-02-02,2525.389893,481800,899.469971,1373000,1071.180054,2018,2,2
24,2018-02-05,2491.75,442400,858.219971,1043100,1090.01001,2018,2,5
25,2018-02-06,2453.310059,582800,858.169983,1062700,1093.300049,2018,2,6
26,2018-02-07,2396.560059,460100,829.960022,1033300,1079.26001,2018,2,7
27,2018-02-08,2407.620117,362400,861.940002,796300,1089.420044,2018,2,8
28,2018-02-09,2363.77002,489100,842.599976,764400,1095.859985,2018,2,9
29,2018-02-12,2385.379883,352300,843.23999,692300,1083.170044,2018,2,12
30,2018-02-13,2395.189941,423400,829.390015,832900,1082.609985,2018,2,13
31,2018-02-14,2421.830078,305700,848.030029,722700,1083.77002,2018,2,14
32,2018-02-19,2442.820068,322100,875.809998,684400,1065.630005,2018,2,19
33,2018-02-20,2415.120117,421500,864.409973,797200,1066.709961,2018,2,20
34,2018-02-21,2429.649902,432300,875.580017,814600,1072.540039,2018,2,21
35,2018-02-22,2414.280029,349500,870.219971,857900,1074.859985,2018,2,22
36,2018-02-23,2451.52002,300600,874.780029,770200,1080.079956,2018,2,23
37,2018-02-26,2457.649902,321300,874.429993,802100,1075.0,2018,2,26
38,2018-02-27,2456.139893,271200,874.01001,794500,1069.699951,2018,2,27
39,2018-02-28,2427.360107,367600,857.059998,820900,1079.390015,2018,2,28
40,2018-03-02,2402.159912,320400,860.22998,768900,1081.949951,2018,3,2
41,2018-03-05,2375.060059,312300,845.0,747500,1079.209961,2018,3,5
42,2018-03-06,2411.409912,400100,859.210022,828900,1076.660034,2018,3,6
43,2018-03-07,2401.820068,413000,841.030029,947300,1063.160034,2018,3,7
44,2018-03-08,2433.080078,394800,853.940002,891000,1066.150024,2018,3,8
45,2018-03-09,2459.449951,437300,865.799988,884800,1073.459961,2018,3,9
46,2018-03-12,2484.120117,391300,884.27002,802300,1064.050049,2018,3,12
47,2018-03-13,2494.48999,350200,886.25,1086500,1063.859985,2018,3,13
48,2018-03-14,2486.080078,360900,886.919983,954400,1066.400024,2018,3,14
49,2018-03-15,2492.379883,344000,890.429993,951000,1062.550049,2018,3,15
50,2018-03-16,2493.969971,377800,894.429993,808500,1068.75,2018,3,16
51,2018-03-19,2475.030029,477200,880.969971,759600,1070.209961,2018,3,19
52,2018-03-20,2485.52002,291500,890.400024,752100,1072.160034,2018,3,20
53,2018-03-21,2484.969971,399100,885.549988,865100,1070.550049,2018,3,21
54,2018-03-22,2496.02002,482100,871.619995,1011500,1063.959961,2018,3,22
55,2018-03-23,2416.76001,458000,829.679993,898200,1079.900024,2018,3,23
56,2018-03-26,2437.080078,306900,853.690002,740200,1082.530029,2018,3,26
57,2018-03-27,2452.060059,332100,858.840027,732200,1074.300049,2018,3,27
58,2018-03-28,2419.290039,501300,850.969971,889800,1074.119995,2018,3,28
59,2018-03-29,2436.370117,333400,865.98999,813000,1063.410034,2018,3,29
60,2018-03-30,2445.850098,395300,871.090027,764000,1062.0,2018,3,30
61,2018-04-02,2444.159912,390300,867.799988,844100,1060.98999,2018,4,2
62,2018-04-03,2442.429932,497100,872.320007,722800,1056.160034,2018,4,3
63,2018-04-04,2408.060059,551700,862.51001,821300,1053.72998,2018,4,4
64,2018-04-05,2437.52002,591000,868.929993,846400,1057.430054,2018,4,5
65,2018-04-06,2429.580078,454300,867.960022,861800,1061.640015,2018,4,6
66,2018-04-09,2444.080078,334400,874.440002,857700,1070.459961,2018,4,9
67,2018-04-10,2450.73999,356400,877.299988,1012200,1068.77002,2018,4,10
68,2018-04-11,2444.219971,355200,885.380005,886300,1063.380005,2018,4,11
69,2018-04-12,2442.709961,441600,881.450012,998000,1065.75,2018,4,12
70,2018-04-13,2455.070068,395900,891.869995,1011500,1069.97998,2018,4,13
71,2018-04-16,2457.48999,347200,896.890015,1017000,1070.660034,2018,4,16
72,2018-04-17,2453.77002,394700,901.219971,1309000,1069.52002,2018,4,17
73,2018-04-18,2479.97998,647300,893.320007,1538000,1066.089966,2018,4,18
74,2018-04-19,2486.100098,727000,882.72998,1681300,1064.069946,2018,4,19
75,2018-04-20,2476.330078,531700,889.169983,1406700,1066.23999,2018,4,20
76,2018-04-23,2474.110107,701400,879.02002,1408100,1071.410034,2018,4,23
77,2018-04-24,2464.139893,524300,873.609985,1201400,1080.180054,2018,4,24
78,2018-04-25,2448.810059,466100,869.929993,1177700,1076.75,2018,4,25
79,2018-04-26,2475.639893,520900,879.390015,957400,1081.170044,2018,4,26
80,2018-04-27,2492.399902,465000,886.48999,1114100,1076.790039,2018,4,27
81,2018-04-30,2515.379883,746300,875.950012,1351100,1067.599976,2018,4,30
82,2018-05-02,2505.610107,807600,871.030029,1357600,1072.52002,2018,5,2
83,2018-05-03,2487.25,614100,866.070007,1354500,1078.810059,2018,5,3
84,2018-05-04,2461.379883,612000,856.340027,1132000,1074.119995,2018,5,4
85,2018-05-08,2449.810059,714700,827.219971,948400,1078.390015,2018,5,8
86,2018-05-09,2443.97998,593400,850.849976,905900,1077.560059,2018,5,9
87,2018-05-10,2464.159912,490000,854.929993,857400,1077.97998,2018,5,10
88,2018-05-11,2477.709961,599900,865.929993,941500,1064.369995,2018,5,11
89,2018-05-14,2476.110107,650700,858.700012,922200,1065.949951,2018,5,14
90,2018-05-15,2458.540039,712600,862.940002,1007600,1069.160034,2018,5,15
91,2018-05-16,2459.820068,691800,850.289978,1210600,1078.859985,2018,5,16
92,2018-05-17,2448.449951,596800,855.619995,1037400,1076.48999,2018,5,17
93,2018-05-18,2460.649902,431400,869.450012,1064500,1080.910034,2018,5,18
94,2018-05-21,2465.570068,588100,872.960022,998500,1080.51001,2018,5,21
95,2018-05-23,2471.909912,752700,869.159973,874600,1074.199951,2018,5,23
96,2018-05-24,2466.01001,638100,873.320007,1113200,1074.790039,2018,5,24
97,2018-05-25,2460.800049,653600,868.349976,1115000,1079.22998,2018,5,25
98,2018-05-28,2478.959961,708400,879.690002,1270100,1073.650024,2018,5,28
99,2018-05-29,2457.25,571800,870.080017,1147700,1073.170044,2018,5,29
100,2018-05-30,2409.030029,575900,874.219971,1117600,1083.930054,2018,5,30
101,2018-05-31,2423.01001,816900,879.659973,1083000,1075.030029,2018,5,31
102,2018-06-01,2438.959961,603000,883.219971,1026200,1079.949951,2018,6,1
103,2018-06-04,2447.76001,438900,877.440002,898300,1070.359985,2018,6,4
104,2018-06-05,2453.76001,501400,877.159973,1026000,1070.530029,2018,6,5
105,2018-06-07,2470.580078,474100,887.909973,903300,1065.150024,2018,6,7
106,2018-06-08,2451.580078,530200,878.47998,850300,1071.329956,2018,6,8
107,2018-06-11,2470.149902,427900,876.549988,776400,1072.650024,2018,6,11
108,2018-06-12,2468.830078,613200,875.039978,1081600,1076.380005,2018,6,12
109,2018-06-14,2423.47998,533400,864.559998,1023500,1084.699951,2018,6,14
110,2018-06-15,2404.040039,502400,866.219971,796600,1090.77002,2018,6,15
111,2018-06-18,2376.23999,564800,840.22998,783100,1103.819946,2018,6,18
112,2018-06-19,2340.110107,606300,815.390015,793400,1104.160034,2018,6,19
113,2018-06-20,2363.909912,456000,840.169983,759500,1111.119995,2018,6,20
114,2018-06-21,2337.830078,438300,826.219971,758200,1107.719971,2018,6,21
115,2018-06-22,2357.219971,537300,830.27002,832000,1109.630005,2018,6,22
116,2018-06-25,2357.879883,415100,836.0,668300,1110.530029,2018,6,25
117,2018-06-26,2350.919922,470900,831.400024,657300,1114.030029,2018,6,26
118,2018-06-27,2342.030029,526600,826.690002,695700,1117.599976,2018,6,27
119,2018-06-28,2314.23999,414400,810.200012,826300,1122.780029,2018,6,28
120,2018-06-29,2326.129883,396700,818.219971,643000,1120.540039,2018,6,29
121,2018-07-02,2271.540039,393300,789.820007,676900,1114.51001,2018,7,2
122,2018-07-03,2272.76001,366000,795.710022,718900,1118.170044,2018,7,3
123,2018-07-04,2265.459961,315100,799.099976,704500,1113.339966,2018,7,4
124,2018-07-05,2257.550049,346900,794.049988,651500,1114.310059,2018,7,5
125,2018-07-06,2272.870117,344400,808.890015,710900,1117.76001,2018,7,6
126,2018-07-09,2285.800049,352600,808.280029,521800,1113.650024,2018,7,9
127,2018-07-10,2294.159912,339900,813.190002,533700,1112.47998,2018,7,10
128,2018-07-11,2280.620117,423000,804.780029,532700,1112.560059,2018,7,11
129,2018-07-12,2285.060059,364400,819.289978,526500,1127.170044,2018,7,12
130,2018-07-13,2310.899902,291600,827.890015,580500,1122.650024,2018,7,13
131,2018-07-16,2301.98999,297100,825.710022,587300,1129.849976,2018,7,16
132,2018-07-17,2297.919922,379000,819.719971,666500,1126.900024,2018,7,17
133,2018-07-18,2290.110107,402800,810.440002,819800,1125.550049,2018,7,18
134,2018-07-19,2282.290039,464500,796.48999,769200,1131.089966,2018,7,19
135,2018-07-20,2289.189941,353200,791.609985,674700,1134.47998,2018,7,20
136,2018-07-23,2269.310059,334300,756.960022,595300,1127.160034,2018,7,23
137,2018-07-24,2280.199951,436100,761.570007,544400,1132.449951,2018,7,24
138,2018-07-25,2273.030029,309300,748.890015,684200,1127.97998,2018,7,25
139,2018-07-26,2289.060059,303300,765.150024,536400,1115.75,2018,7,26
140,2018-07-27,2294.98999,262100,773.97998,544500,1123.150024,2018,7,27
141,2018-07-30,2293.51001,206500,769.799988,539700,1114.599976,2018,7,30
142,2018-07-31,2295.26001,223900,775.52002,615000,1116.670044,2018,7,31
143,2018-08-01,2307.070068,219000,790.25,574500,1112.199951,2018,8,1
144,2018-08-02,2270.199951,352100,781.380005,546900,1118.599976,2018,8,2
145,2018-08-03,2287.679932,270500,788.809998,539000,1128.150024,2018,8,3
146,2018-08-06,2286.5,244500,781.409973,514900,1122.900024,2018,8,6
147,2018-08-07,2300.159912,230300,784.700012,526400,1125.400024,2018,8,7
148,2018-08-08,2301.449951,299700,783.809998,660100,1116.25,2018,8,8
149,2018-08-09,2303.709961,244900,789.47998,602000,1115.949951,2018,8,9
150,2018-08-10,2282.790039,286200,784.809998,620200,1121.890015,2018,8,10
151,2018-08-13,2248.449951,335400,755.650024,619300,1130.900024,2018,8,13
152,2018-08-14,2258.909912,255200,761.940002,538300,1135.969971,2018,8,14
153,2018-08-16,2240.800049,312500,761.179993,572800,1136.380005,2018,8,16
154,2018-08-17,2247.050049,238400,772.299988,587500,1126.23999,2018,8,17
155,2018-08-20,2247.879883,271600,769.780029,484000,1118.5,2018,8,20
156,2018-08-21,2270.060059,294300,787.150024,516600,1116.880005,2018,8,21
157,2018-08-22,2273.330078,269300,785.950012,595000,1116.099976,2018,8,22
158,2018-08-23,2282.600098,338400,791.280029,595200,1117.5,2018,8,23
159,2018-08-24,2293.209961,347300,798.22998,567900,1126.150024,2018,8,24
160,2018-08-27,2299.300049,307000,801.039978,633900,1111.170044,2018,8,27
161,2018-08-28,2303.120117,276900,798.169983,673700,1108.22998,2018,8,28
162,2018-08-29,2309.030029,268200,803.179993,654400,1106.880005,2018,8,29
163,2018-08-30,2307.350098,286900,804.469971,752100,1108.449951,2018,8,30
164,2018-08-31,2322.879883,255900,816.969971,727400,1115.449951,2018,8,31
165,2018-09-03,2307.030029,230500,816.840027,583700,1114.810059,2018,9,3
166,2018-09-04,2315.719971,277000,827.27002,644200,1113.5,2018,9,4
167,2018-09-05,2291.77002,358200,820.0,663700,1121.300049,2018,9,5
168,2018-09-06,2287.610107,387500,815.179993,709800,1118.099976,2018,9,6
169,2018-09-07,2281.580078,357600,818.859985,699500,1124.699951,2018,9,7
170,2018-09-10,2288.659912,312600,816.159973,618300,1126.849976,2018,9,10
171,2018-09-11,2283.199951,368200,820.22998,688200,1136.77002,2018,9,11
172,2018-09-12,2282.919922,336800,826.330017,639700,1125.300049,2018,9,12
173,2018-09-13,2286.22998,301300,830.950012,552200,1125.75,2018,9,13
174,2018-09-14,2318.25,292200,834.909973,603300,1120.550049,2018,9,14
175,2018-09-17,2303.01001,343200,828.880005,587200,1120.900024,2018,9,17
176,2018-09-18,2308.97998,309200,831.849976,704500,1125.619995,2018,9,18
177,2018-09-19,2308.459961,350900,826.909973,788500,1120.800049,2018,9,19
178,2018-09-20,2323.449951,289100,821.130005,686600,1122.25,2018,9,20
179,2018-09-21,2339.169922,321700,827.840027,532200,1116.400024,2018,9,21
180,2018-09-27,2355.429932,279200,833.01001,551600,1114.170044,2018,9,27
181,2018-09-28,2343.070068,317900,822.27002,704200,1112.310059,2018,9,28
182,2018-10-01,2338.879883,278300,816.530029,571100,1109.01001,2018,10,1
183,2018-10-02,2309.570068,287900,794.98999,587800,1112.25,2018,10,2
184,2018-10-04,2274.48999,309500,789.0,528700,1125.420044,2018,10,4
185,2018-10-05,2267.52002,282100,773.700012,573700,1132.900024,2018,10,5
186,2018-10-08,2253.830078,214600,767.150024,516000,1131.099976,2018,10,8
187,2018-10-10,2228.610107,365700,747.5,669600,1132.400024,2018,10,10
188,2018-10-11,2129.669922,411900,707.380005,699200,1142.849976,2018,10,11
189,2018-10-12,2161.850098,292600,731.5,557300,1134.300049,2018,10,12
190,2018-10-15,2145.120117,259200,718.869995,496900,1131.189941,2018,10,15
191,2018-10-16,2145.120117,222500,731.5,472800,1135.170044,2018,10,16
192,2018-10-17,2167.51001,275200,739.150024,536500,1122.150024,2018,10,17
193,2018-10-18,2148.310059,321800,731.340027,483000,1127.099976,2018,10,18
194,2018-10-19,2156.26001,351800,740.47998,440100,1136.599976,2018,10,19
195,2018-10-22,2161.709961,308700,744.150024,421600,1131.599976,2018,10,22
196,2018-10-23,2106.100098,373500,719.0,487800,1131.25,2018,10,23
197,2018-10-24,2097.580078,399700,699.299988,513800,1136.640015,2018,10,24
198,2018-10-25,2063.300049,376000,686.840027,553200,1137.560059,2018,10,25
199,2018-10-26,2027.150024,449200,663.070007,582800,1135.22998,2018,10,26
200,2018-10-29,1996.050049,427300,629.700012,657100,1139.5,2018,10,29
201,2018-10-30,2014.689941,441600,644.140015,798800,1142.079956,2018,10,30
202,2018-10-31,2029.689941,373000,648.669983,619000,1137.699951,2018,10,31
203,2018-11-01,2024.459961,343800,657.460022,582700,1140.969971,2018,11,1
204,2018-11-02,2096.0,372000,690.650024,564200,1129.050049,2018,11,2
205,2018-11-05,2076.919922,361300,691.940002,442500,1116.099976,2018,11,5
206,2018-11-06,2089.620117,315800,691.549988,512000,1121.560059,2018,11,6
207,2018-11-07,2078.689941,485200,682.369995,599600,1119.949951,2018,11,7
208,2018-11-08,2092.629883,328000,693.669983,747400,1115.369995,2018,11,8
209,2018-11-09,2086.090088,298100,687.289978,791800,1119.569946,2018,11,9
210,2018-11-12,2080.439941,295500,670.820007,574200,1130.949951,2018,11,12
211,2018-11-13,2071.22998,383400,670.849976,542100,1137.459961,2018,11,13
212,2018-11-14,2068.050049,339000,671.559998,459400,1131.130005,2018,11,14
213,2018-11-15,2088.060059,351000,681.380005,667900,1131.199951,2018,11,15
214,2018-11-16,2092.399902,301600,690.179993,659100,1127.0,2018,11,16
215,2018-11-19,2100.560059,273200,702.130005,489400,1120.400024,2018,11,19
216,2018-11-20,2082.580078,281700,690.809998,486700,1126.189941,2018,11,20
217,2018-11-21,2076.550049,267900,695.719971,573900,1128.400024,2018,11,21
218,2018-11-22,2069.949951,242500,692.390015,513200,1137.310059,2018,11,22
219,2018-11-23,2057.47998,227200,683.059998,578900,1135.5,2018,11,23
220,2018-11-26,2083.02002,237700,695.359985,470500,1133.5,2018,11,26
221,2018-11-27,2099.419922,239200,700.669983,521400,1129.030029,2018,11,27
222,2018-11-28,2108.219971,300100,700.119995,658500,1130.369995,2018,11,28
223,2018-11-29,2114.100098,307200,695.47998,667700,1121.119995,2018,11,29
224,2018-11-30,2096.860107,427400,695.76001,537900,1117.02002,2018,11,30
225,2018-12-03,2131.929932,436600,709.460022,549200,1117.150024,2018,12,3
226,2018-12-04,2114.350098,507500,708.630005,656100,1108.300049,2018,12,4
227,2018-12-05,2101.310059,492700,701.119995,639500,1110.630005,2018,12,5
228,2018-12-06,2068.689941,537400,678.380005,637200,1111.660034,2018,12,6
229,2018-12-07,2075.76001,371600,685.330017,600800,1119.599976,2018,12,7
230,2018-12-10,2053.790039,344200,670.390015,495100,1122.699951,2018,12,10
231,2018-12-11,2052.969971,273900,661.01001,566800,1131.5,2018,12,11
232,2018-12-12,2082.570068,457100,676.47998,524500,1127.619995,2018,12,12
233,2018-12-13,2095.550049,379800,681.780029,553300,1123.849976,2018,12,13
234,2018-12-14,2069.379883,448200,666.340027,522200,1127.02002,2018,12,14
235,2018-12-17,2071.090088,444500,661.900024,550100,1131.650024,2018,12,17
236,2018-12-18,2062.110107,429500,659.669983,675900,1128.150024,2018,12,18
237,2018-12-19,2078.840088,418800,672.080017,777000,1125.069946,2018,12,19
238,2018-12-20,2060.120117,421100,668.130005,597200,1128.130005,2018,12,20
239,2018-12-21,2061.48999,311400,673.640015,629600,1120.030029,2018,12,21
240,2018-12-24,2055.01001,285300,669.789978,690900,1127.5,2018,12,24
241,2018-12-26,2028.01001,321500,665.73999,696000,1122.630005,2018,12,26
242,2018-12-27,2028.439941,398000,667.880005,576000,1123.52002,2018,12,27
243,2018-12-28,2041.040039,352700,675.650024,598200,1119.599976,2018,12,28
244,2019-01-02,2010.0,326400,669.369995,539500,1113.800049,2019,1,2
245,2019-01-03,1993.699951,428000,657.02002,656300,1122.180054,2019,1,3
246,2019-01-04,2010.25,409000,664.48999,554500,1124.119995,2019,1,4
247,2019-01-07,2037.099976,440200,672.840027,584300,1114.400024,2019,1,7
248,2019-01-08,2025.27002,397800,668.48999,623500,1116.400024,2019,1,8
249,2019-01-09,2064.709961,386200,679.73999,622000,1121.050049,2019,1,9
250,2019-01-10,2063.280029,382900,683.340027,735100,1118.670044,2019,1,10
251,2019-01-11,2075.570068,380100,686.330017,701500,1116.550049,2019,1,11
252,2019-01-14,2064.52002,432900,683.090027,613300,1118.599976,2019,1,14
253,2019-01-15,2097.179932,439500,690.390015,639000,1122.0,2019,1,15
254,2019-01-16,2106.100098,500100,693.380005,788300,1122.400024,2019,1,16
255,2019-01-17,2107.060059,475900,686.349976,862700,1118.77002,2019,1,17
256,2019-01-18,2124.280029,456700,696.340027,820000,1120.550049,2019,1,18
257,2019-01-21,2124.610107,398000,695.619995,794300,1125.790039,2019,1,21
258,2019-01-22,2117.77002,419400,694.549988,794400,1132.369995,2019,1,22
259,2019-01-23,2127.780029,408600,695.630005,683200,1130.150024,2019,1,23
260,2019-01-24,2145.030029,413700,704.409973,605800,1125.329956,2019,1,24
261,2019-01-25,2177.72998,410000,711.380005,631600,1126.75,2019,1,25
262,2019-01-28,2177.300049,371600,714.26001,664300,1118.01001,2019,1,28
263,2019-01-29,2183.360107,552600,710.98999,703400,1119.699951,2019,1,29
264,2019-01-30,2206.199951,480400,715.299988,719200,1117.869995,2019,1,30
265,2019-01-31,2204.850098,545200,716.859985,684500,1109.0,2019,1,31
266,2019-02-01,2203.459961,479400,716.919983,643300,1111.550049,2019,2,1
267,2019-02-07,2203.419922,427800,728.789978,713100,1121.630005,2019,2,7
268,2019-02-08,2177.050049,391000,728.73999,736600,1123.75,2019,2,8
269,2019-02-11,2180.72998,406100,733.469971,704600,1122.880005,2019,2,11
270,2019-02-12,2190.469971,429900,730.580017,692200,1125.02002,2019,2,12
271,2019-02-13,2201.47998,422000,739.909973,798600,1120.300049,2019,2,13
272,2019-02-14,2225.850098,573400,742.27002,738300,1123.719971,2019,2,14
273,2019-02-15,2196.090088,400600,738.659973,738000,1128.300049,2019,2,15
274,2019-02-18,2210.889893,314400,745.330017,734400,1125.310059,2019,2,18
275,2019-02-19,2205.629883,389100,748.049988,793900,1124.280029,2019,2,19
276,2019-02-20,2229.76001,374300,750.690002,885300,1121.420044,2019,2,20
277,2019-02-21,2228.659912,382500,747.330017,956600,1121.719971,2019,2,21
278,2019-02-22,2230.5,409300,743.380005,965500,1124.150024,2019,2,22
279,2019-02-25,2232.560059,339200,750.400024,735800,1122.310059,2019,2,25
280,2019-02-26,2226.600098,332000,747.090027,956600,1117.199951,2019,2,26
281,2019-02-27,2234.790039,301500,752.159973,921700,1114.300049,2019,2,27
282,2019-02-28,2195.439941,510000,731.25,1016500,1115.099976,2019,2,28
283,2019-03-04,2190.659912,373200,748.070007,707600,1126.810059,2019,3,4
284,2019-03-05,2179.22998,313100,747.950012,753400,1128.150024,2019,3,5
285,2019-03-06,2175.600098,328900,746.700012,847000,1126.199951,2019,3,6
286,2019-03-07,2165.790039,292600,736.830017,897300,1127.0,2019,3,7
287,2019-03-08,2137.439941,313300,735.969971,871200,1133.069946,2019,3,8
288,2019-03-11,2138.100098,272100,739.090027,687000,1134.060059,2019,3,11
289,2019-03-12,2157.179932,355300,754.76001,792800,1130.77002,2019,3,12
290,2019-03-13,2148.409912,285600,754.890015,797100,1127.27002,2019,3,13
291,2019-03-14,2155.679932,341000,755.419983,644000,1129.589966,2019,3,14
292,2019-03-15,2176.110107,387100,748.359985,881400,1135.420044,2019,3,15
293,2019-03-18,2179.48999,258000,753.130005,705200,1132.72998,2019,3,18
294,2019-03-19,2177.620117,319700,748.909973,984700,1131.199951,2019,3,19
295,2019-03-20,2177.100098,317600,749.76001,880100,1129.719971,2019,3,20
296,2019-03-21,2184.879883,342700,743.52002,795600,1125.0,2019,3,21
297,2019-03-22,2186.949951,333600,743.969971,752400,1127.77002,2019,3,22
298,2019-03-25,2144.860107,307100,727.210022,696300,1135.140015,2019,3,25
299,2019-03-26,2148.800049,301300,736.809998,656400,1133.849976,2019,3,26
300,2019-03-27,2145.620117,363200,728.450012,748800,1133.930054,2019,3,27
301,2019-03-28,2128.100098,288000,719.719971,695500,1138.5,2019,3,28
302,2019-03-29,2140.669922,364600,729.309998,779300,1134.319946,2019,3,29
303,2019-04-01,2168.280029,263300,736.809998,704800,1136.699951,2019,4,1
304,2019-04-02,2177.179932,257500,739.570007,955900,1132.670044,2019,4,2
305,2019-04-03,2203.27002,358600,749.299988,807500,1136.390015,2019,4,3
306,2019-04-04,2206.530029,431000,751.580017,879700,1133.530029,2019,4,4
307,2019-04-05,2209.610107,517200,751.710022,788500,1134.300049,2019,4,5
308,2019-04-08,2210.600098,347900,751.919983,762400,1136.689941,2019,4,8
309,2019-04-09,2213.560059,414800,756.809998,836600,1141.109985,2019,4,9
310,2019-04-10,2224.389893,399700,760.150024,744500,1140.099976,2019,4,10
311,2019-04-11,2224.439941,402000,766.48999,760900,1135.900024,2019,4,11
312,2019-04-12,2233.449951,449600,767.849976,926500,1140.98999,2019,4,12
313,2019-04-15,2242.879883,404200,766.75,952000,1133.430054,2019,4,15
314,2019-04-16,2248.629883,569100,765.02002,979300,1133.199951,2019,4,16
315,2019-04-17,2245.889893,452500,766.890015,1063500,1135.699951,2019,4,17
316,2019-04-18,2213.77002,573300,753.52002,904500,1130.199951,2019,4,18
317,2019-04-19,2216.149902,525300,762.570007,773500,1136.109985,2019,4,19
318,2019-04-22,2216.649902,494000,762.01001,691800,1134.5,2019,4,22
319,2019-04-23,2220.51001,481200,761.419983,895100,1140.040039,2019,4,23
320,2019-04-24,2201.030029,575100,757.820007,886600,1142.0,2019,4,24
321,2019-04-25,2190.5,441100,750.429993,946900,1155.26001,2019,4,25
322,2019-04-26,2179.310059,570200,741.0,865200,1159.0,2019,4,26
323,2019-04-29,2216.429932,380800,750.599976,754700,1157.72998,2019,4,29
324,2019-04-30,2203.590088,381400,754.73999,671000,1158.790039,2019,4,30
325,2019-05-02,2212.75,369100,760.380005,779400,1164.670044,2019,5,2
326,2019-05-03,2196.320068,617900,761.820007,701300,1166.109985,2019,5,3
327,2019-05-07,2176.98999,484100,753.450012,728000,1168.050049,2019,5,7
328,2019-05-08,2168.01001,456300,745.369995,922700,1171.300049,2019,5,8
329,2019-05-09,2102.01001,743500,724.219971,992100,1172.189941,2019,5,9
330,2019-05-10,2108.040039,714800,722.619995,916500,1179.189941,2019,5,10
331,2019-05-13,2079.01001,505800,708.799988,916400,1174.420044,2019,5,13
332,2019-05-14,2081.840088,696200,710.159973,1072300,1187.180054,2019,5,14
333,2019-05-15,2092.780029,577800,729.599976,859400,1186.930054,2019,5,15
334,2019-05-16,2067.689941,745200,717.590027,911800,1186.040039,2019,5,16
335,2019-05-17,2055.800049,537400,714.130005,783600,1190.48999,2019,5,17
336,2019-05-20,2055.709961,640200,702.080017,733200,1193.829956,2019,5,20
337,2019-05-21,2061.25,526900,703.97998,792000,1193.329956,2019,5,21
338,2019-05-22,2064.860107,510000,706.929993,723700,1175.5748921659886,2019,5,22
339,2019-05-23,2059.590088,509300,696.890015,902800,1188.800049,2019,5,23
340,2019-05-24,2045.310059,480600,690.030029,862100,1188.800049,2019,5,24
341,2019-05-27,2044.209961,351600,689.669983,782600,1185.0,2019,5,27
342,2019-05-28,2048.830078,494500,702.76001,724000,1182.310059,2019,5,28
343,2019-05-29,2023.319946,380900,691.469971,849800,1187.579956,2019,5,29
344,2019-05-30,2038.800049,461900,689.330017,669500,1192.209961,2019,5,30
345,2019-05-31,2041.73999,439200,696.469971,642100,1188.380005,2019,5,31
346,2019-06-03,2067.850098,387100,697.5,643000,1187.869995,2019,6,3
347,2019-06-04,2066.969971,436000,702.530029,657100,1178.349976,2019,6,4
348,2019-06-05,2069.110107,380200,707.75,616900,1176.050049,2019,6,5
349,2019-06-07,2072.330078,368400,716.530029,723200,1177.0,2019,6,7
350,2019-06-10,2099.48999,457600,721.140015,763000,1180.76001,2019,6,10
351,2019-06-11,2111.810059,550700,728.789978,897000,1182.099976,2019,6,11
352,2019-06-12,2108.75,693500,724.320007,724100,1177.97998,2019,6,12
353,2019-06-13,2103.149902,553400,726.679993,839500,1183.430054,2019,6,13
354,2019-06-14,2095.409912,473400,722.25,843400,1181.079956,2019,6,14
355,2019-06-17,2090.72998,561600,719.130005,758000,1185.890015,2019,6,17
356,2019-06-18,2098.709961,601000,714.859985,1047000,1185.349976,2019,6,18
357,2019-06-19,2124.780029,863000,717.710022,979400,1173.579956,2019,6,19
358,2019-06-20,2131.290039,1007200,727.320007,1004500,1170.300049,2019,6,20
359,2019-06-21,2125.620117,692000,722.640015,1100600,1157.209961,2019,6,21
360,2019-06-24,2126.330078,669600,717.690002,924000,1158.310059,2019,6,24
361,2019-06-25,2121.639893,643000,710.02002,1058000,1152.469971,2019,6,25
362,2019-06-26,2121.850098,736900,709.369995,981400,1155.709961,2019,6,26
363,2019-06-27,2134.320068,644900,698.210022,910000,1152.5,2019,6,27
364,2019-06-28,2130.620117,537300,690.530029,784800,1155.51001,2019,6,28
365,2019-07-01,2129.73999,412300,696.0,734400,1155.599976,2019,7,1
366,2019-07-02,2122.02002,460800,696.25,696400,1159.75,2019,7,2
367,2019-07-03,2096.02002,522700,693.039978,676300,1165.579956,2019,7,3
368,2019-07-04,2108.72998,446900,691.27002,763500,1168.869995,2019,7,4
369,2019-07-05,2110.590088,459400,694.169983,729800,1167.130005,2019,7,5
370,2019-07-08,2064.169922,516000,668.719971,766600,1174.02002,2019,7,8
371,2019-07-09,2052.030029,440100,657.799988,879100,1179.849976,2019,7,9
372,2019-07-10,2058.780029,355700,666.900024,774800,1181.47998,2019,7,10
373,2019-07-11,2080.580078,376700,677.090027,791100,1175.530029,2019,7,11
374,2019-07-12,2086.659912,403900,681.169983,735700,1174.079956,2019,7,12
375,2019-07-15,2082.47998,463500,674.789978,715700,1176.410034,2019,7,15
376,2019-07-16,2091.870117,682800,674.419983,824300,1178.430054,2019,7,16
377,2019-07-17,2072.919922,761600,666.280029,901100,1177.880005,2019,7,17
378,2019-07-18,2066.550049,446600,665.150024,837100,1178.689941,2019,7,18
379,2019-07-19,2094.360107,394900,674.059998,756200,1170.77002,2019,7,19
380,2019-07-22,2093.340088,332600,674.780029,645000,1175.109985,2019,7,22
381,2019-07-23,2101.449951,648100,668.650024,894100,1174.76001,2019,7,23
382,2019-07-24,2082.300049,851400,659.830017,971500,1176.800049,2019,7,24
383,2019-07-25,2074.47998,598600,652.400024,871100,1176.550049,2019,7,25
384,2019-07-26,2066.26001,589100,644.590027,886300,1182.390015,2019,7,26
385,2019-07-29,2029.47998,608700,618.780029,795300,1183.349976,2019,7,29
386,2019-07-30,2038.680054,547000,625.640015,716200,1181.849976,2019,7,30
387,2019-07-31,2024.550049,589400,630.179993,770600,1180.650024,2019,7,31
388,2019-08-01,2017.339966,461700,622.26001,694200,1186.310059,2019,8,1
389,2019-08-02,1998.130005,438500,615.700012,601200,1194.75,2019,8,2
390,2019-08-05,1946.97998,639600,569.789978,821200,1203.939941,2019,8,5
391,2019-08-06,1917.5,739600,551.5,973700,1216.650024,2019,8,6
392,2019-08-07,1909.709961,760800,564.640015,836000,1212.530029,2019,8,7
393,2019-08-08,1920.609985,777200,585.440002,929200,1212.22998,2019,8,8
394,2019-08-09,1937.75,654300,590.039978,690900,1207.030029,2019,8,9
395,2019-08-12,1942.290039,427100,594.169983,707400,1213.199951,2019,8,12
396,2019-08-13,1925.829956,660000,590.75,755900,1217.630005,2019,8,13
397,2019-08-14,1938.369995,699600,597.150024,793600,1204.72998,2019,8,14
398,2019-08-16,1927.170044,421700,591.570007,684000,1211.5,2019,8,16
399,2019-08-19,1939.900024,481000,594.650024,707000,1207.48999,2019,8,19
400,2019-08-20,1960.25,463600,607.01001,914600,1210.530029,2019,8,20
401,2019-08-21,1964.650024,391600,615.960022,821000,1205.280029,2019,8,21
402,2019-08-22,1951.01001,435600,612.25,850900,1201.319946,2019,8,22
403,2019-08-23,1948.300049,381100,608.97998,706400,1208.560059,2019,8,23
404,2019-08-26,1916.310059,324900,582.909973,711400,1212.650024,2019,8,26
405,2019-08-27,1924.599976,427000,588.320007,651100,1210.72998,2019,8,27
406,2019-08-28,1941.089966,284300,602.900024,698500,1210.76001,2019,8,28
407,2019-08-29,1933.410034,285100,599.570007,681500,1211.369995,2019,8,29
408,2019-08-30,1967.790039,317700,610.549988,787600,1207.160034,2019,8,30
409,2019-09-02,1969.189941,262200,619.809998,683800,1209.150024,2019,9,2
410,2019-09-03,1965.689941,342100,620.02002,777400,1212.77002,2019,9,3
411,2019-09-04,1988.530029,348700,629.309998,792600,1210.47998,2019,9,4
412,2019-09-05,2004.75,488100,632.98999,948700,1202.689941,2019,9,5
413,2019-09-06,2009.130005,384400,631.150024,882300,1196.0,2019,9,6
414,2019-09-09,2019.550049,511800,625.77002,709700,1191.619995,2019,9,9
415,2019-09-10,2032.079956,504400,623.25,830400,1190.859985,2019,9,10
416,2019-09-11,2049.199951,429100,630.369995,718200,1189.5,2019,9,11
417,2019-09-16,2062.219971,493500,638.590027,622100,1178.719971,2019,9,16
418,2019-09-17,2062.330078,508000,644.280029,823500,1183.290039,2019,9,17
419,2019-09-18,2070.72998,613100,645.119995,909100,1185.650024,2019,9,18
420,2019-09-19,2080.350098,493000,645.710022,867300,1189.550049,2019,9,19
421,2019-09-20,2091.52002,589900,649.070007,844700,1193.859985,2019,9,20
422,2019-09-23,2091.699951,420900,645.01001,747600,1193.130005,2019,9,23
423,2019-09-24,2101.040039,535800,641.849976,778000,1193.01001,2019,9,24
424,2019-09-25,2073.389893,651600,626.76001,987700,1193.939941,2019,9,25
425,2019-09-26,2074.52002,430600,628.419983,838500,1197.890015,2019,9,26
426,2019-09-27,2049.929932,285900,626.929993,724100,1198.630005,2019,9,27
427,2019-09-30,2063.050049,327600,621.76001,746000,1201.910034,2019,9,30
428,2019-10-01,2072.419922,389300,632.099976,875300,1198.0,2019,10,1
429,2019-10-02,2031.910034,414500,624.51001,1252800,1201.689941,2019,10,2
430,2019-10-04,2020.689941,402900,621.840027,793000,1200.079956,2019,10,4
431,2019-10-07,2021.72998,322200,627.210022,753100,1191.329956,2019,10,7
432,2019-10-08,2046.25,437500,635.409973,864400,1195.76001,2019,10,8
433,2019-10-10,2028.150024,445800,634.72998,715200,1196.780029,2019,10,10
434,2019-10-11,2044.609985,381100,632.950012,767500,1188.810059,2019,10,11
435,2019-10-14,2067.399902,511200,641.460022,681400,1182.48999,2019,10,14
436,2019-10-15,2068.169922,464500,646.799988,737800,1182.300049,2019,10,15
437,2019-10-16,2082.830078,524500,651.960022,860300,1183.930054,2019,10,16
438,2019-10-17,2077.939941,314200,649.289978,1042700,1184.829956,2019,10,17
439,2019-10-18,2060.689941,516700,646.690002,866100,1177.27002,2019,10,18
440,2019-10-21,2064.840088,606100,649.179993,767900,1178.079956,2019,10,21
441,2019-10-22,2088.860107,504100,655.909973,900,1171.400024,2019,10,22
442,2019-10-23,2080.620117,429500,658.97998,1000,1171.26001,2019,10,23
443,2019-10-24,2085.659912,367700,658.75,1100,1169.699951,2019,10,24
444,2019-10-25,2087.889893,348700,652.369995,1000,1174.25,2019,10,25
445,2019-10-28,2093.600098,269200,652.419983,900,1170.819946,2019,10,28
446,2019-10-29,2092.689941,357700,658.299988,1000,1166.76001,2019,10,29
447,2019-10-30,2080.27002,415600,655.039978,900,1165.75,2019,10,30
448,2019-10-31,2083.47998,461300,658.52002,900,1163.699951,2019,10,31
449,2019-11-01,2100.199951,418300,662.340027,800,1168.550049,2019,11,1
450,2019-11-04,2130.23999,476300,668.450012,900,1163.800049,2019,11,4
451,2019-11-05,2142.639893,400600,672.179993,1000,1161.810059,2019,11,5
452,2019-11-06,2144.149902,410100,669.679993,1100,1155.199951,2019,11,6
453,2019-11-07,2144.290039,425700,666.150024,1000,1160.079956,2019,11,7
454,2019-11-08,2137.22998,574100,664.599976,1000,1158.599976,2019,11,8
455,2019-11-11,2124.090088,617300,661.369995,900,1158.599976,2019,11,11
456,2019-11-12,2140.919922,610400,665.140015,1100,1163.900024,2019,11,12
457,2019-11-13,2122.449951,664400,661.849976,1400,1164.949951,2019,11,13
458,2019-11-14,2139.22998,521100,663.309998,1400,1169.859985,2019,11,14
459,2019-11-15,2162.179932,556200,668.51001,1100,1167.52002,2019,11,15
460,2019-11-18,2160.689941,489200,669.340027,1100,1162.329956,2019,11,18
461,2019-11-19,2153.23999,826900,662.530029,1200,1165.689941,2019,11,19
462,2019-11-20,2125.320068,581100,649.869995,1300,1165.819946,2019,11,20
463,2019-11-21,2096.600098,579600,635.98999,1100,1168.26001,2019,11,21
464,2019-11-22,2101.959961,519900,633.919983,1100,1175.22998,2019,11,22
465,2019-11-25,2123.5,397700,647.400024,800,1179.48999,2019,11,25
466,2019-11-26,2121.350098,532600,651.590027,900,1172.410034,2019,11,26
467,2019-11-27,2127.850098,367800,647.390015,900,1172.599976,2019,11,27
468,2019-11-28,2118.600098,335200,640.179993,900,1175.359985,2019,11,28
469,2019-11-29,2087.959961,433300,632.98999,900,1177.01001,2019,11,29
470,2019-12-02,2091.919922,385300,634.5,800,1181.469971,2019,12,2
471,2019-12-03,2084.070068,450000,629.580017,900,1183.790039,2019,12,3
472,2019-12-04,2068.889893,347000,625.27002,900,1187.630005,2019,12,4
473,2019-12-05,2060.73999,472200,617.599976,900,1189.459961,2019,12,5
474,2019-12-06,2081.850098,440200,628.099976,700,1187.97998,2019,12,6
475,2019-12-09,2088.649902,393100,627.859985,800,1186.109985,2019,12,9
476,2019-12-10,2098.0,500100,627.109985,800,1188.680054,2019,12,10
477,2019-12-11,2105.620117,668700,629.130005,800,1189.069946,2019,12,11
478,2019-12-12,2137.350098,584600,636.940002,900,1187.930054,2019,12,12
479,2019-12-13,2170.25,540000,643.450012,900,1169.589966,2019,12,13
480,2019-12-16,2168.149902,377100,644.440002,800,1172.530029,2019,12,16
481,2019-12-17,2195.679932,599500,650.580017,900,1167.459961,2019,12,17
482,2019-12-18,2194.76001,591100,648.950012,0,1162.780029,2019,12,18
483,2019-12-19,2196.560059,643100,647.849976,800,1164.359985,2019,12,19
484,2019-12-20,2204.179932,646700,649.72998,900,1161.060059,2019,12,20
485,2019-12-23,2203.709961,502000,647.619995,700,1159.300049,2019,12,23
486,2019-12-24,2190.080078,570000,638.909973,800,1161.569946,2019,12,24
487,2019-12-26,2197.929932,571300,652.070007,900,1159.75,2019,12,26
488,2019-12-27,2204.209961,490200,661.23999,800,1161.199951,2019,12,27
489,2019-12-30,2197.669922,416400,669.830017,800,1160.680054,2019,12,30
490,2020-01-02,2175.169922,494700,674.02002,800,1153.969971,2020,1,2
491,2020-01-03,2176.459961,631600,669.929993,900,1157.150024,2020,1,3
492,2020-01-06,2155.070068,592700,655.309998,900,1165.849976,2020,1,6
493,2020-01-07,2175.540039,568200,663.440002,1000,1167.420044,2020,1,7
494,2020-01-08,2151.310059,913800,640.940002,1400,1166.459961,2020,1,8
495,2020-01-09,2186.449951,592600,666.090027,1000,1161.26001,2020,1,9
496,2020-01-10,2206.389893,594500,673.030029,800,1157.810059,2020,1,10
497,2020-01-13,2229.26001,488300,679.219971,900,1156.930054,2020,1,13
498,2020-01-14,2238.879883,835900,678.710022,900,1153.939941,2020,1,14
499,2020-01-15,2230.97998,746200,679.159973,900,1157.050049,2020,1,15
500,2020-01-16,2248.050049,808300,686.52002,900,1156.780029,2020,1,16
501,2020-01-17,2250.570068,580800,688.409973,1000,1158.77002,2020,1,17
502,2020-01-20,2262.639893,545500,683.469971,1000,1160.359985,2020,1,20
503,2020-01-21,2239.689941,770300,676.52002,1000,1157.569946,2020,1,21
504,2020-01-22,2267.25,608500,688.25,1000,1168.73999,2020,1,22
505,2020-01-23,2246.129883,509600,685.570007,1000,1163.72998,2020,1,23
506,2020-01-28,2176.719971,808500,664.700012,0,1176.72998,2020,1,28
507,2020-01-29,2185.280029,692300,670.179993,1100,1174.280029,2020,1,29
508,2020-01-30,2148.0,602700,656.390015,0,1178.079956,2020,1,30
509,2020-01-31,2119.01001,710500,642.47998,1300,1187.119995,2020,1,31
510,2020-02-03,2118.879883,836700,646.849976,1200,1194.869995,2020,2,3
511,2020-02-04,2157.899902,624600,661.23999,900,1189.359985,2020,2,4
512,2020-02-05,2165.629883,574400,661.320007,1000,1182.47998,2020,2,5
513,2020-02-06,2227.939941,695000,672.690002,0,1183.459961,2020,2,6
514,2020-02-07,2211.949951,800200,672.630005,1000,1184.25,2020,2,7
515,2020-02-10,2201.070068,609600,676.070007,1000,1191.089966,2020,2,10
516,2020-02-11,2223.120117,526000,682.340027,0,1185.630005,2020,2,11
517,2020-02-12,2238.379883,632500,686.590027,1300,1180.719971,2020,2,12
518,2020-02-13,2232.959961,638700,687.609985,1300,1177.959961,2020,2,13
519,2020-02-14,2243.590088,597200,688.909973,1500,1183.469971,2020,2,14
520,2020-02-17,2242.169922,458200,692.590027,1500,1182.180054,2020,2,17
521,2020-02-18,2208.879883,470400,682.919983,1800,1183.810059,2020,2,18
522,2020-02-19,2210.340088,590800,684.780029,0,1189.930054,2020,2,19
523,2020-02-20,2195.5,709600,681.659973,1500,1191.369995,2020,2,20
524,2020-02-21,2162.840088,635500,667.98999,1400,1204.400024,2020,2,21
525,2020-02-24,2079.040039,948600,639.289978,1500,1205.77002,2020,2,24
526,2020-02-25,2103.610107,1565600,656.950012,1200,1217.650024,2020,2,25
527,2020-02-26,2076.77002,810900,654.630005,1100,1214.550049,2020,2,26
528,2020-02-27,2054.889893,562500,638.169983,1200,1211.359985,2020,2,27
529,2020-02-28,1987.01001,671600,610.72998,1400,1211.310059,2020,2,28
530,2020-03-02,2002.51001,528100,627.659973,1200,1200.099976,2020,3,2
531,2020-03-03,2014.150024,615700,626.820007,1200,1188.280029,2020,3,3
532,2020-03-04,2059.330078,606300,641.72998,1100,1186.339966,2020,3,4
533,2020-03-05,2085.26001,675200,650.190002,1100,1183.680054,2020,3,5
534,2020-03-06,2040.219971,865600,642.719971,1100,1187.469971,2020,3,6
535,2020-03-09,1954.77002,666900,614.599976,1300,1187.699951,2020,3,9
536,2020-03-10,1962.930054,638600,619.969971,1400,1199.959961,2020,3,10
537,2020-03-11,1908.27002,679700,595.609985,1600,1184.699951,2020,3,11
538,2020-03-12,1834.329956,850300,563.48999,1600,1189.390015,2020,3,12
539,2020-03-13,1771.439941,1035300,524.0,1500,1209.969971,2020,3,13
540,2020-03-16,1714.859985,682000,504.51001,1200,1210.800049,2020,3,16
541,2020-03-17,1672.439941,649800,514.72998,1400,1232.040039,2020,3,17
542,2020-03-18,1591.199951,728000,485.140015,1300,1237.98999,2020,3,18
543,2020-03-19,1457.640015,977700,428.350006,1600,1255.349976,2020,3,19
544,2020-03-20,1566.150024,817000,467.75,1200,1256.880005,2020,3,20
545,2020-03-23,1482.459961,647200,443.76001,0,1253.949951,2020,3,23
546,2020-03-24,1609.969971,679300,480.399994,1100,1262.930054,2020,3,24
547,2020-03-25,1704.76001,872800,505.679993,1400,1228.599976,2020,3,25
548,2020-03-26,1686.23999,992500,516.609985,1600,1231.079956,2020,3,26
549,2020-03-27,1717.72998,1077500,522.830017,2000,1212.189941,2020,3,27
550,2020-03-30,1717.119995,767800,542.109985,1400,1211.630005,2020,3,30
551,2020-03-31,1754.640015,1037500,569.070007,1900,1222.699951,2020,3,31
552,2020-04-01,1685.459961,1243600,551.840027,1900,1216.660034,2020,4,1
553,2020-04-02,1724.859985,766300,567.700012,1700,1234.72998,2020,4,2
554,2020-04-03,1725.439941,1000100,573.01001,1400,1226.849976,2020,4,3
555,2020-04-06,1791.880005,1219400,597.210022,1500,1235.800049,2020,4,6
556,2020-04-07,1823.599976,951400,606.900024,0,1223.099976,2020,4,7
557,2020-04-08,1807.140015,907500,607.369995,2400,1215.310059,2020,4,8
558,2020-04-09,1836.209961,920600,615.950012,1800,1214.75,2020,4,9
559,2020-04-10,1860.699951,992500,611.26001,2000,1209.51001,2020,4,10
560,2020-04-13,1825.76001,1017800,596.710022,2000,1211.040039,2020,4,13
561,2020-04-14,1857.079956,886800,610.289978,1600,1213.900024,2020,4,14
562,2020-04-16,1857.069946,878300,623.429993,0,1222.550049,2020,4,16
563,2020-04-17,1914.530029,1667500,634.789978,1600,1226.640015,2020,4,17
564,2020-04-20,1898.359985,1087500,637.820007,1600,1215.26001,2020,4,20
565,2020-04-21,1879.380005,1174300,628.77002,2200,1218.099976,2020,4,21
566,2020-04-22,1896.150024,820400,635.159973,1500,1230.849976,2020,4,22
567,2020-04-23,1914.72998,683700,643.789978,1700,1231.380005,2020,4,23
568,2020-04-24,1889.01001,933900,632.960022,1800,1232.449951,2020,4,24
569,2020-04-27,1922.77002,735700,646.859985,1700,1229.5,2020,4,27
570,2020-04-28,1934.089966,1173500,644.929993,1800,1220.869995,2020,4,28
571,2020-04-29,1947.560059,1984200,645.179993,1700,1220.400024,2020,4,29
572,2020-05-04,1895.369995,1146900,641.909973,1300,1223.780029,2020,5,4
573,2020-05-06,1928.76001,1082200,658.400024,0,1221.25,2020,5,6
574,2020-05-07,1928.609985,775700,668.169983,1700,1228.530029,2020,5,7
575,2020-05-08,1945.819946,784500,682.299988,1700,1218.630005,2020,5,8
576,2020-05-11,1935.400024,591100,685.039978,1500,1218.699951,2020,5,11
577,2020-05-12,1922.170044,799900,684.210022,1500,1222.400024,2020,5,12
578,2020-05-13,1940.420044,618800,691.530029,1500,1225.650024,2020,5,13
579,2020-05-14,1924.959961,760600,690.570007,1600,1226.550049,2020,5,14
580,2020-05-15,1927.280029,866400,691.929993,1400,1225.459961,2020,5,15
581,2020-05-18,1937.109985,761700,690.849976,1500,1232.089966,2020,5,18
582,2020-05-19,1980.609985,773400,696.359985,1800,1224.199951,2020,5,19
583,2020-05-20,1989.640015,699400,708.76001,2100,1224.319946,2020,5,20
584,2020-05-21,1998.310059,600900,716.02002,0,1226.550049,2020,5,21
585,2020-05-22,1970.130005,847500,708.580017,1700,1233.390015,2020,5,22
586,2020-05-25,1994.599976,641500,719.890015,1600,1239.550049,2020,5,25
587,2020-05-26,2029.780029,1017800,729.109985,1600,1240.02002,2020,5,26
588,2020-05-27,2031.199951,1178800,724.590027,1600,1230.869995,2020,5,27
589,2020-05-28,2028.540039,1172100,708.75,2100,1238.300049,2020,5,28
590,2020-05-29,2029.599976,1086200,713.679993,1500,1237.97998,2020,5,29
591,2020-06-01,2065.080078,997300,735.719971,1300,1230.469971,2020,6,1
592,2020-06-02,2087.189941,1000300,743.580017,1500,1222.98999,2020,6,2
593,2020-06-03,2147.0,1152000,737.659973,1500,1219.140015,2020,6,3
594,2020-06-04,2151.179932,1393300,742.369995,1300,1215.819946,2020,6,4
595,2020-06-05,2181.870117,854600,749.309998,1100,1215.380005,2020,6,5
596,2020-06-08,2184.290039,854000,753.039978,1300,1201.109985,2020,6,8
597,2020-06-09,2188.919922,817100,753.820007,1500,1195.72998,2020,6,9
598,2020-06-10,2195.689941,706300,758.619995,1600,1197.300049,2020,6,10
599,2020-06-11,2176.780029,827400,757.059998,1500,1189.73999,2020,6,11
600,2020-06-12,2132.300049,689900,746.059998,1300,1204.76001,2020,6,12
601,2020-06-15,2030.819946,1071600,693.150024,1500,1202.609985,2020,6,15
602,2020-06-16,2138.050049,973300,735.380005,1300,1206.900024,2020,6,16
603,2020-06-17,2141.050049,927200,735.400024,1400,1211.150024,2020,6,17
604,2020-06-18,2133.47998,767100,737.330017,1200,1214.349976,2020,6,18
605,2020-06-19,2141.320068,1079300,742.030029,1500,1211.359985,2020,6,19
606,2020-06-22,2126.72998,789400,751.640015,1300,1210.890015,2020,6,22
607,2020-06-23,2131.23999,917600,753.22998,1600,1208.0,2020,6,23
608,2020-06-24,2161.51001,913900,759.5,1300,1207.949951,2020,6,24
609,2020-06-25,2112.370117,1017700,750.359985,1400,1205.25,2020,6,25
610,2020-06-26,2134.649902,761000,750.580017,1500,1201.52002,2020,6,26
611,2020-06-29,2093.47998,643200,734.690002,1300,1202.630005,2020,6,29
612,2020-06-30,2108.330078,708600,737.969971,1600,1198.48999,2020,6,30
613,2020-07-01,2106.699951,1116200,727.580017,1200,1198.390015,2020,7,1
614,2020-07-02,2135.370117,1092000,742.549988,1200,1200.699951,2020,7,2
615,2020-07-03,2152.409912,770100,752.179993,1300,1198.170044,2020,7,3
616,2020-07-06,2187.929932,666900,759.900024,1100,1198.5,2020,7,6
617,2020-07-07,2164.169922,847400,759.159973,1300,1190.930054,2020,7,7
618,2020-07-08,2158.879883,677800,765.960022,1300,1195.699951,2020,7,8
619,2020-07-09,2167.899902,619400,772.900024,1500,1192.02002,2020,7,9
620,2020-07-10,2150.25,887000,772.809998,1300,1195.77002,2020,7,10
621,2020-07-13,2186.060059,650200,781.190002,1400,1199.52002,2020,7,13
622,2020-07-14,2183.610107,811000,778.390015,1600,1203.780029,2020,7,14
623,2020-07-15,2201.879883,830300,781.289978,1500,1203.97998,2020,7,15
624,2020-07-16,2183.76001,784600,775.070007,1600,1200.469971,2020,7,16
625,2020-07-17,2201.189941,569300,783.219971,1400,1204.22998,2020,7,17
626,2020-07-20,2198.199951,686800,781.960022,1400,1202.530029,2020,7,20
627,2020-07-21,2228.830078,918500,790.580017,1500,1200.030029,2020,7,21
628,2020-07-22,2228.659912,856200,794.98999,1500,1192.73999,2020,7,22
629,2020-07-23,2216.189941,934400,801.690002,0,1197.22998,2020,7,23
630,2020-07-24,2200.439941,1001000,794.799988,1500,1200.939941,2020,7,24
631,2020-07-27,2217.860107,928600,801.22998,1300,1200.48999,2020,7,27
632,2020-07-28,2256.98999,866700,807.849976,1500,1195.920044,2020,7,28
633,2020-07-29,2263.159912,899300,808.590027,0,1199.369995,2020,7,29
634,2020-07-30,2267.01001,712900,814.190002,0,1190.72998,2020,7,30
635,2020-07-31,2249.370117,739700,815.299988,1400,1189.560059,2020,7,31
636,2020-08-03,2251.040039,648500,827.570007,1522800,1193.390015,2020,8,3
637,2020-08-04,2279.969971,722800,835.349976,1500,1191.76001,2020,8,4
638,2020-08-05,2311.860107,841200,847.280029,0,1192.25,2020,8,5
639,2020-08-06,2342.610107,797000,854.119995,0,1185.180054,2020,8,6
640,2020-08-07,2351.669922,812600,857.630005,1400,1183.170044,2020,8,7
641,2020-08-10,2386.379883,784400,862.76001,0,1188.150024,2020,8,10
642,2020-08-11,2418.669922,843400,860.22998,0,1185.189941,2020,8,11
643,2020-08-12,2432.350098,752900,845.599976,0,1184.97998,2020,8,12
644,2020-08-13,2437.530029,907200,854.77002,0,1182.75,2020,8,13
645,2020-08-14,2407.48999,968100,835.030029,1700,1184.119995,2020,8,14
646,2020-08-18,2348.23999,909800,800.219971,1900,1183.099976,2020,8,18
647,2020-08-19,2360.540039,638000,818.73999,1600,1183.640015,2020,8,19
648,2020-08-20,2274.219971,903700,791.140015,1800,1181.209961,2020,8,20
649,2020-08-21,2304.590088,865700,796.01001,1700,1184.290039,2020,8,21
650,2020-08-24,2329.830078,649300,815.73999,1500,1191.199951,2020,8,24
651,2020-08-25,2366.72998,771600,836.309998,1600,1188.25,2020,8,25
652,2020-08-26,2369.320068,956500,841.349976,2200,1186.459961,2020,8,26
653,2020-08-27,2344.449951,913700,836.400024,3000,1183.849976,2020,8,27
654,2020-08-28,2353.800049,1297300,841.299988,2100,1186.579956,2020,8,28
655,2020-08-31,2326.169922,1647800,848.23999,1900,1179.589966,2020,8,31
656,2020-09-01,2349.550049,1085200,853.369995,1800,1187.040039,2020,9,1
657,2020-09-02,2364.370117,1429300,866.73999,1800,1184.920044,2020,9,2
658,2020-09-03,2395.899902,981500,874.130005,1800,1188.650024,2020,9,3
659,2020-09-04,2368.25,1351000,866.039978,1700,1190.780029,2020,9,4
660,2020-09-07,2384.219971,1197400,878.880005,1900,1186.420044,2020,9,7
661,2020-09-08,2401.909912,979400,878.289978,2500,1186.810059,2020,9,8
662,2020-09-09,2375.810059,946200,869.469971,2400,1189.23999,2020,9,9
663,2020-09-10,2396.47998,1064600,884.299988,2000,1184.380005,2020,9,10
664,2020-09-11,2396.689941,882900,888.440002,2000,1187.22998,2020,9,11
665,2020-09-14,2427.909912,963100,894.169983,1700,1186.969971,2020,9,14
666,2020-09-15,2443.580078,850000,899.460022,2100,1180.839966,2020,9,15
667,2020-09-16,2435.919922,772900,896.280029,2400,1179.25,2020,9,16
668,2020-09-17,2406.169922,853700,885.179993,2300,1172.069946,2020,9,17
669,2020-09-18,2412.399902,756500,888.880005,1800,1168.650024,2020,9,18
670,2020-09-21,2389.389893,1042000,866.98999,2000,1163.98999,2020,9,21
671,2020-09-22,2332.590088,1051000,842.719971,2000,1163.849976,2020,9,22
672,2020-09-23,2333.23999,735000,843.450012,2200,1162.5,2020,9,23
673,2020-09-24,2272.699951,714900,806.950012,2200,1169.72998,2020,9,24
674,2020-09-25,2278.790039,698000,808.280029,2200,1168.5,2020,9,25
675,2020-09-28,2308.080078,606000,835.909973,1900,1173.439941,2020,9,28
676,2020-09-29,2327.889893,646200,848.150024,2100,1166.410034,2020,9,29
677,2020-10-05,2358.0,763600,858.390015,1700,1165.359985,2020,10,5
678,2020-10-06,2365.899902,861800,862.580017,2000,1156.089966,2020,10,6
679,2020-10-07,2386.939941,735800,869.659973,2000,1163.890015,2020,10,7
680,2020-10-08,2391.959961,961700,871.619995,2000,1156.5,2020,10,8
681,2020-10-12,2403.72998,843600,873.5,2000,1142.650024,2020,10,12
682,2020-10-13,2403.149902,724900,871.919983,2300,1146.400024,2020,10,13
683,2020-10-14,2380.47998,901200,861.47998,2400,1147.890015,2020,10,14
684,2020-10-15,2361.209961,1165500,844.440002,2200,1146.310059,2020,10,15
685,2020-10-16,2341.530029,920200,833.840027,2300,1144.130005,2020,10,16
686,2020-10-19,2346.73999,930800,822.25,1700,1141.180054,2020,10,19
687,2020-10-20,2358.409912,870300,824.650024,1700,1137.0,2020,10,20
688,2020-10-21,2370.860107,810400,830.669983,1500,1136.0,2020,10,21
689,2020-10-22,2355.050049,814000,812.700012,1700,1132.030029,2020,10,22
690,2020-10-23,2360.810059,890400,807.97998,1600,1134.150024,2020,10,23
691,2020-10-26,2343.909912,822300,778.02002,1600,1127.76001,2020,10,26
692,2020-10-27,2330.840088,666900,783.72998,2100,1131.640015,2020,10,27
693,2020-10-28,2345.26001,705200,806.200012,2000,1128.22998,2020,10,28
694,2020-10-29,2326.669922,509100,813.929993,1900,1134.180054,2020,10,29
695,2020-10-30,2267.149902,795600,792.650024,1900,1129.52002,2020,10,30
696,2020-11-02,2300.159912,678500,802.950012,1500,1135.609985,2020,11,2
697,2020-11-03,2343.310059,887400,818.460022,1700,1132.140015,2020,11,3
698,2020-11-04,2357.320068,986800,826.969971,1800,1130.329956,2020,11,4
699,2020-11-05,2413.790039,702000,844.799988,1700,1129.73999,2020,11,5
700,2020-11-06,2416.5,825600,836.780029,1900,1122.630005,2020,11,6
701,2020-11-09,2447.199951,1354900,851.210022,1700,1121.150024,2020,11,9
702,2020-11-10,2452.830078,1464200,840.789978,1800,1118.689941,2020,11,10
703,2020-11-11,2485.870117,1272000,839.900024,2300,1116.079956,2020,11,11
704,2020-11-12,2475.620117,1278100,840.080017,2100,1111.449951,2020,11,12
705,2020-11-13,2493.870117,1072400,839.140015,1900,1114.910034,2020,11,13
706,2020-11-16,2543.030029,1239100,847.330017,1600,1107.76001,2020,11,16
707,2020-11-17,2539.149902,1266400,839.469971,1800,1106.089966,2020,11,17
708,2020-11-18,2545.639893,923500,851.73999,2300,1104.949951,2020,11,18
709,2020-11-19,2547.419922,976500,859.940002,2200,1105.900024,2020,11,19
710,2020-11-20,2553.5,1128900,870.179993,2100,1114.140015,2020,11,20
711,2020-11-23,2602.590088,1648900,873.289978,2100,1113.829956,2020,11,23
712,2020-11-24,2617.76001,1364500,872.099976,3200,1113.079956,2020,11,24
713,2020-11-25,2601.540039,1410100,865.119995,2500,1109.709961,2020,11,25
714,2020-11-26,2625.909912,1387400,874.530029,1900,1104.48999,2020,11,26
715,2020-11-27,2633.449951,1196000,885.559998,1800,1105.560059,2020,11,27
716,2020-11-30,2591.340088,1311800,886.109985,1700,1104.329956,2020,11,30
717,2020-12-01,2634.25,1150300,891.289978,2100,1108.51001,2020,12,1
718,2020-12-02,2675.899902,1076200,899.340027,1900,1106.280029,2020,12,2
719,2020-12-03,2696.219971,817100,907.609985,2400,1099.380005,2020,12,3
720,2020-12-04,2731.449951,1778900,913.76001,2200,1091.319946,2020,12,4
721,2020-12-07,2745.439941,1499300,926.880005,2200,1083.780029,2020,12,7
722,2020-12-08,2700.929932,1414300,906.840027,2600,1083.680054,2020,12,8
723,2020-12-09,2755.469971,1252300,913.809998,2700,1084.859985,2020,12,9
724,2020-12-10,2746.459961,1227700,921.700012,2700,1086.359985,2020,12,10
725,2020-12-11,2770.060059,1215200,928.440002,1900,1086.369995,2020,12,11
726,2020-12-14,2762.199951,1113600,929.539978,1600,1091.579956,2020,12,14
727,2020-12-15,2756.820068,1092700,931.27002,2100,1092.060059,2020,12,15
728,2020-12-16,2771.790039,1166600,939.650024,2000,1088.209961,2020,12,16
729,2020-12-17,2770.429932,1015500,944.039978,2700,1091.650024,2020,12,17
730,2020-12-18,2772.179932,1058300,947.23999,2100,1092.160034,2020,12,18
731,2020-12-21,2778.649902,1139500,953.580017,1900,1098.97998,2020,12,21
732,2020-12-22,2733.679932,1260800,928.72998,1900,1101.859985,2020,12,22
733,2020-12-23,2759.820068,1121300,923.169983,1900,1107.97998,2020,12,23
734,2020-12-24,2806.860107,1030900,928.679993,1700,1104.800049,2020,12,24
735,2020-12-28,2808.600098,1006200,927.0,1600,1099.089966,2020,12,28
736,2020-12-29,2820.51001,1046800,957.409973,1500,1095.0,2020,12,29
737,2020-12-30,2873.469971,1074000,968.419983,1600,1092.619995,2020,12,30
738,2021-01-04,2944.449951,1026500,977.619995,1700,1084.72998,2021,1,4
739,2021-01-05,2990.570068,1519900,985.76001,1800,1086.619995,2021,1,5
740,2021-01-06,2968.209961,1793400,981.390015,2000,1086.449951,2021,1,6
741,2021-01-07,3031.679932,1524700,988.859985,2300,1086.949951,2021,1,7
742,2021-01-08,3152.179932,1297900,987.789978,2600,1093.069946,2021,1,8
743,2021-01-11,3148.449951,1712500,976.630005,2200,1092.819946,2021,1,11
744,2021-01-12,3125.949951,1388600,973.719971,1700,1096.449951,2021,1,12
745,2021-01-13,3148.290039,1578000,979.130005,1600,1093.540039,2021,1,13
746,2021-01-14,3149.929932,1233200,980.289978,1700,1097.109985,2021,1,14
747,2021-01-15,3085.899902,1331100,964.440002,1800,1094.900024,2021,1,15
748,2021-01-18,3013.929932,1472000,944.669983,2000,1102.959961,2021,1,18
749,2021-01-19,3092.659912,1353300,957.75,2100,1103.099976,2021,1,19
750,2021-01-20,3114.550049,1192700,977.659973,2400,1100.98999,2021,1,20
751,2021-01-21,3160.840088,1360100,981.400024,2000,1096.25,2021,1,21
752,2021-01-22,3140.629883,1111200,979.97998,2300,1099.900024,2021,1,22
753,2021-01-25,3208.98999,1093700,999.299988,1900,1104.640015,2021,1,25
754,2021-01-26,3140.310059,873000,994.0,2700,1101.72998,2021,1,26
755,2021-01-27,3122.560059,924600,985.919983,2900,1101.0,2021,1,27
756,2021-01-28,3069.050049,1310500,961.22998,2000,1107.5,2021,1,28
757,2021-01-29,2976.209961,995100,928.72998,2200,1112.290039,2021,1,29
758,2021-02-01,3056.530029,969300,956.919983,1500,1117.430054,2021,2,1
759,2021-02-02,3096.810059,887300,963.809998,0,1116.880005,2021,2,2
760,2021-02-03,3129.679932,901800,970.690002,1900,1113.609985,2021,2,3
761,2021-02-04,3087.550049,1460900,964.580017,2200,1113.150024,2021,2,4
762,2021-02-05,3120.629883,1193500,967.419983,2000,1119.130005,2021,2,5
763,2021-02-08,3091.23999,1277200,960.780029,2100,1116.849976,2021,2,8
764,2021-02-09,3084.669922,2145400,957.849976,3200,1116.329956,2021,2,9
765,2021-02-10,3100.580078,2152900,964.309998,2800,1110.0,2021,2,10
766,2021-02-15,3147.0,1604700,981.969971,3000,1103.369995,2021,2,15
767,2021-02-16,3163.25,1944400,977.73999,3000,1102.23999,2021,2,16
768,2021-02-17,3133.72998,1784100,979.77002,5100,1106.459961,2021,2,17
769,2021-02-18,3086.659912,1860600,967.419983,4400,1104.550049,2021,2,18
770,2021-02-19,3107.620117,3455500,965.109985,4400,1106.219971,2021,2,19
771,2021-02-22,3079.75,1832000,954.289978,2700,1103.939941,2021,2,22
772,2021-02-23,3070.090088,2357800,936.599976,3400,1110.670044,2021,2,23
773,2021-02-24,2994.97998,1560900,906.309998,3600,1109.310059,2021,2,24
774,2021-02-25,3099.689941,1280100,936.210022,2400,1107.209961,2021,2,25
775,2021-02-26,3012.949951,1361300,913.940002,2600,1119.130005,2021,2,26
776,2021-03-02,3043.870117,1749900,923.169983,3000,1101.829956,2021,3,2
777,2021-03-03,3082.98999,2236700,930.799988,3400,1124.329956,2021,3,3
778,2021-03-04,3043.48999,1279000,926.200012,2400,1129.5,2021,3,4
779,2021-03-05,3026.26001,1187200,923.47998,2200,1133.349976,2021,3,5
780,2021-03-08,2996.110107,1928300,904.77002,3300,1127.48999,2021,3,8
781,2021-03-09,2976.120117,1534200,896.359985,3500,1140.22998,2021,3,9
782,2021-03-10,2958.120117,905600,890.070007,2900,1134.910034,2021,3,10
783,2021-03-11,3013.699951,1349200,908.01001,2400,1136.01001,2021,3,11
784,2021-03-12,3054.389893,1669100,925.48999,2900,1129.640015,2021,3,12
785,2021-03-15,3045.709961,1161800,926.900024,2300,1134.5,2021,3,15
786,2021-03-16,3067.169922,1123900,940.650024,3400,1131.390015,2021,3,16
787,2021-03-17,3047.5,815000,943.780029,2800,1129.839966,2021,3,17
788,2021-03-18,3066.01001,1232600,949.830017,2100,1121.130005,2021,3,18
789,2021-03-19,3039.530029,1068500,952.109985,1700,1126.109985,2021,3,19
790,2021-03-22,3035.459961,915700,955.380005,1800,1127.47998,2021,3,22
791,2021-03-23,3004.73999,1331200,946.309998,2000,1125.119995,2021,3,23
792,2021-03-24,2996.350098,978400,953.820007,1700,1133.199951,2021,3,24
793,2021-03-25,3008.330078,940400,954.98999,1800,1134.47998,2021,3,25
794,2021-03-26,3041.01001,1036400,956.700012,2100,1134.209961,2021,3,26
795,2021-03-29,3036.040039,1288800,954.099976,2400,1127.959961,2021,3,29
796,2021-03-30,3070.0,1023100,958.059998,2000,1131.650024,2021,3,30
797,2021-03-31,3061.419922,1147000,956.169983,1900,1132.319946,2021,3,31
798,2021-04-01,3087.399902,922700,965.780029,2000,1127.199951,2021,4,1
799,2021-04-02,3112.800049,792700,970.090027,2300,1128.060059,2021,4,2
800,2021-04-05,3120.830078,1084800,969.77002,1900,1128.790039,2021,4,5
801,2021-04-06,3127.080078,1279000,968.630005,2400,1124.109985,2021,4,6
802,2021-04-07,3137.409912,1984800,973.219971,2000,1117.5,2021,4,7
803,2021-04-08,3143.26001,1357300,982.02002,1900,1117.859985,2021,4,8
804,2021-04-09,3131.879883,1823200,989.390015,1600,1115.839966,2021,4,9
805,2021-04-12,3135.590088,1048800,1000.650024,1900,1122.060059,2021,4,12
806,2021-04-13,3169.080078,1741300,1010.369995,3700,1124.449951,2021,4,13
807,2021-04-14,3182.379883,1776300,1014.419983,3200,1120.689941,2021,4,14
808,2021-04-15,3194.330078,1313000,1013.900024,2600,1116.109985,2021,4,15
809,2021-04-16,3198.620117,985300,1021.619995,2100,1115.670044,2021,4,16
810,2021-04-19,3198.840088,1060600,1029.459961,2000,1115.650024,2021,4,19
811,2021-04-20,3220.699951,1296200,1031.880005,1800,1114.469971,2021,4,20
812,2021-04-21,3171.659912,1767100,1022.219971,2900,1116.109985,2021,4,21
813,2021-04-22,3177.52002,1752700,1025.709961,4100,1115.660034,2021,4,22
814,2021-04-23,3181.080078,1829400,1026.819946,4100,1118.589966,2021,4,23
815,2021-04-26,3217.530029,1298300,1030.060059,2900,1114.130005,2021,4,26
816,2021-04-27,3215.419922,1534200,1021.01001,3400,1109.22998,2021,4,27
817,2021-04-28,3181.469971,1412600,998.27002,3200,1112.150024,2021,4,28
818,2021-04-29,3174.070068,1222400,990.690002,1900,1108.660034,2021,4,29
819,2021-04-30,3147.860107,1358200,983.450012,1500,1106.630005,2021,4,30
820,2021-05-03,3127.199951,1040300,961.809998,1500,1116.76001,2021,5,3
821,2021-05-04,3147.370117,1282900,967.200012,1500,1120.400024,2021,5,4
822,2021-05-06,3160.429932,1238600,969.98999,0,1123.98999,2021,5,6
823,2021-05-07,3197.199951,988900,978.299988,1300,1119.390015,2021,5,7
824,2021-05-10,3249.300049,1010200,992.799988,1300,1111.969971,2021,5,10
825,2021-05-11,3209.429932,1095700,978.609985,1400,1115.540039,2021,5,11
826,2021-05-12,3161.659912,1423200,967.099976,2000,1118.22998,2021,5,12
827,2021-05-13,3122.110107,1094900,951.77002,1400,1131.599976,2021,5,13
828,2021-05-14,3153.320068,835600,966.719971,1600,1125.699951,2021,5,14
829,2021-05-17,3134.52002,770700,962.5,1500,1125.530029,2021,5,17
830,2021-05-18,3173.050049,785400,969.099976,1400,1135.51001,2021,5,18
831,2021-05-20,3162.280029,773600,971.130005,1500,1130.369995,2021,5,20
832,2021-05-21,3156.419922,796800,965.630005,1500,1127.050049,2021,5,21
833,2021-05-24,3144.300049,587500,948.369995,1500,1126.790039,2021,5,24
834,2021-05-25,3171.320068,612700,962.070007,1700,1122.189941,2021,5,25
835,2021-05-26,3168.429932,1269000,966.059998,1900,1121.380005,2021,5,26
836,2021-05-27,3165.51001,1081100,974.080017,1800,1115.52002,2021,5,27
837,2021-05-28,3188.72998,966000,977.460022,1600,1117.300049,2021,5,28
838,2021-05-31,3203.919922,1123100,981.780029,1600,1112.849976,2021,5,31
839,2021-06-01,3221.870117,1471800,984.590027,1800,1106.97998,2021,6,1
840,2021-06-02,3224.22998,1495200,981.099976,1600,1107.209961,2021,6,2
841,2021-06-03,3247.429932,1584000,990.190002,1700,1109.880005,2021,6,3
842,2021-06-04,3240.080078,1391800,987.580017,2100,1115.439941,2021,6,4
843,2021-06-07,3252.120117,1731900,985.859985,2000,1109.680054,2021,6,7
844,2021-06-08,3247.830078,1950600,986.119995,1900,1109.319946,2021,6,8
845,2021-06-09,3216.179932,1964500,978.789978,1700,1116.890015,2021,6,9
846,2021-06-10,3224.639893,1896200,987.77002,1800,1116.410034,2021,6,10
847,2021-06-11,3249.320068,1643800,991.130005,1500,1111.26001,2021,6,11
848,2021-06-14,3252.129883,1663900,997.409973,1400,1115.550049,2021,6,14
849,2021-06-15,3258.629883,1733900,997.369995,1600,1116.319946,2021,6,15
850,2021-06-16,3278.679932,2345200,998.48999,1400,1116.030029,2021,6,16
851,2021-06-17,3264.959961,1848200,1003.719971,1900,1131.949951,2021,6,17
852,2021-06-18,3267.929932,1626400,1015.880005,1800,1133.540039,2021,6,18
853,2021-06-21,3240.790039,1508100,1010.98999,1500,1134.25,2021,6,21
854,2021-06-22,3263.879883,1666300,1011.559998,1600,1130.339966,2021,6,22
855,2021-06-23,3276.189941,1068300,1016.460022,0,1132.51001,2021,6,23
856,2021-06-24,3286.100098,1300300,1012.619995,0,1132.609985,2021,6,24
857,2021-06-25,3302.840088,1197600,1012.130005,1300,1130.800049,2021,6,25
858,2021-06-28,3301.889893,1427400,1017.909973,1600,1125.339966,2021,6,28
859,2021-06-29,3286.679932,1211800,1022.52002,2100,1129.040039,2021,6,29
860,2021-06-30,3296.679932,1608900,1029.959961,2100,1130.51001,2021,6,30
861,2021-07-01,3282.060059,1157700,1035.640015,1700,1129.599976,2021,7,1
862,2021-07-02,3281.780029,1019400,1038.180054,1700,1132.410034,2021,7,2
863,2021-07-05,3293.209961,849700,1047.329956,1700,1129.77002,2021,7,5
864,2021-07-06,3305.209961,1028800,1044.959961,2000,1129.439941,2021,7,6
865,2021-07-07,3285.340088,1146800,1047.359985,1700,1135.47998,2021,7,7
866,2021-07-08,3252.679932,1515200,1034.47998,1900,1140.52002,2021,7,8
867,2021-07-09,3217.949951,1307500,1028.930054,2200,1146.280029,2021,7,9
868,2021-07-12,3246.469971,1134600,1034.640015,1700,1144.310059,2021,7,12
869,2021-07-13,3271.379883,1149500,1043.310059,1700,1141.099976,2021,7,13
870,2021-07-14,3264.810059,908300,1044.97998,1700,1148.699951,2021,7,14
871,2021-07-15,3286.219971,1171900,1054.310059,2100,1143.410034,2021,7,15
872,2021-07-16,3276.909912,1066100,1051.97998,1700,1140.119995,2021,7,16
873,2021-07-19,3244.040039,1095100,1049.829956,1400,1141.5,2021,7,19
874,2021-07-20,3232.699951,979300,1043.640015,1600,1150.069946,2021,7,20
875,2021-07-21,3215.909912,990300,1042.030029,1300,1147.47998,2021,7,21
876,2021-07-22,3250.209961,713000,1050.25,1600,1148.689941,2021,7,22
877,2021-07-23,3254.419922,804600,1055.5,1400,1149.910034,2021,7,23
878,2021-07-26,3224.949951,826100,1047.630005,1300,1151.119995,2021,7,26
879,2021-07-27,3232.530029,991600,1046.550049,1600,1151.76001,2021,7,27
880,2021-07-28,3236.860107,868200,1035.680054,1400,1153.560059,2021,7,28
881,2021-07-29,3242.649902,694500,1044.130005,1200,1149.410034,2021,7,29
882,2021-07-30,3202.320068,687500,1031.140015,1300,1142.119995,2021,7,30
883,2021-08-02,3223.040039,560800,1037.800049,1200,1150.930054,2021,8,2
884,2021-08-03,3237.139893,653200,1036.109985,1500,1149.560059,2021,8,3
885,2021-08-04,3280.379883,632000,1047.930054,1500,1148.579956,2021,8,4
886,2021-08-05,3276.129883,680000,1059.540039,1400,1144.060059,2021,8,5
887,2021-08-06,3270.360107,939900,1059.800049,1300,1143.119995,2021,8,6
888,2021-08-09,3260.419922,706500,1060.0,1352800,1144.920044,2021,8,9
889,2021-08-10,3243.189941,729000,1052.069946,1700,1145.890015,2021,8,10
890,2021-08-11,3220.620117,616700,1051.920044,1300,1152.47998,2021,8,11
891,2021-08-12,3208.379883,642600,1054.089966,1100,1152.849976,2021,8,12
892,2021-08-13,3171.290039,695600,1040.780029,1400,1162.060059,2021,8,13
893,2021-08-17,3143.090088,690800,1011.049988,1200,1164.5,2021,8,17
894,2021-08-18,3158.929932,622800,1021.080017,1100,1176.449951,2021,8,18
895,2021-08-19,3097.830078,655600,991.150024,1400,1169.680054,2021,8,19
896,2021-08-20,3060.51001,672100,967.900024,1300,1175.390015,2021,8,20
897,2021-08-23,3090.209961,570400,993.179993,1000,1174.23999,2021,8,23
898,2021-08-24,3138.300049,586500,1013.179993,1300,1167.609985,2021,8,24
899,2021-08-25,3146.810059,600400,1017.780029,1225800,1163.469971,2021,8,25
900,2021-08-26,3128.530029,727700,1020.440002,1081700,1163.329956,2021,8,26
901,2021-08-27,3133.899902,520700,1023.51001,1300,1170.0,2021,8,27
902,2021-08-30,3144.189941,602900,1031.839966,1200,1161.329956,2021,8,30
903,2021-08-31,3199.27002,660500,1038.329956,1200,1165.51001,2021,8,31
904,2021-09-01,3207.02002,746700,1045.97998,1100,1158.410034,2021,9,1
905,2021-09-02,3175.850098,753900,1047.189941,1300,1155.280029,2021,9,2
906,2021-09-03,3201.060059,638300,1053.849976,1400,1157.130005,2021,9,3
907,2021-09-06,3203.330078,726200,1052.959961,1300,1154.75,2021,9,6
908,2021-09-07,3187.419922,758700,1054.430054,1600,1155.540039,2021,9,7
909,2021-09-08,3162.98999,858500,1037.219971,1500,1161.0,2021,9,8
910,2021-09-09,3114.699951,927400,1034.619995,1400,1166.48999,2021,9,9
911,2021-09-10,3125.76001,723100,1037.910034,1400,1169.130005,2021,9,10
912,2021-09-13,3127.860107,731200,1026.339966,1300,1169.380005,2021,9,13
913,2021-09-14,3148.830078,712400,1037.73999,1200,1171.109985,2021,9,14
914,2021-09-15,3153.399902,615200,1042.790039,1400,1170.800049,2021,9,15
915,2021-09-16,3130.090088,612000,1039.430054,1100,1165.219971,2021,9,16
916,2021-09-17,3140.51001,587500,1046.119995,1200,1174.420044,2021,9,17
917,2021-09-23,3127.580078,623000,1036.26001,968200,1181.030029,2021,9,23
918,2021-09-24,3125.23999,752800,1037.030029,1300,1174.699951,2021,9,24
919,2021-09-27,3133.639893,882600,1034.819946,1000,1179.199951,2021,9,27
920,2021-09-28,3097.919922,894100,1012.51001,1400,1176.959961,2021,9,28
921,2021-09-29,3060.27002,820700,1001.460022,1300,1186.890015,2021,9,29
922,2021-09-30,3068.820068,885400,1003.27002,1300,1187.430054,2021,9,30
923,2021-10-01,3019.179932,854800,983.200012,1400,1183.719971,2021,10,1
924,2021-10-05,2962.169922,839400,955.369995,1300,1183.780029,2021,10,5
925,2021-10-06,2908.310059,900500,922.359985,1700,1187.170044,2021,10,6
926,2021-10-07,2959.459961,594600,953.429993,1400,1191.380005,2021,10,7
927,2021-10-08,2956.300049,668200,953.109985,1300,1191.150024,2021,10,8
928,2021-10-12,2916.379883,659600,940.150024,1100,1195.800049,2021,10,12
929,2021-10-13,2944.409912,751600,953.469971,1000,1196.890015,2021,10,13
930,2021-10-14,2988.639893,616600,983.429993,1200,1186.709961,2021,10,14
931,2021-10-15,3015.060059,857300,990.539978,1400,1182.130005,2021,10,15
932,2021-10-18,3006.679932,926000,993.859985,1200,1181.790039,2021,10,18
933,2021-10-19,3029.040039,845400,1005.349976,1400,1185.680054,2021,10,19
934,2021-10-20,3013.129883,679900,1001.619995,1600,1175.650024,2021,10,20
935,2021-10-21,3007.330078,887000,993.700012,1600,1174.589966,2021,10,21
936,2021-10-22,3006.159912,695000,995.070007,1200,1176.550049,2021,10,22
937,2021-10-25,3020.540039,791500,994.309998,1100,1176.540039,2021,10,25
938,2021-10-26,3049.080078,564100,1011.76001,1300,1167.060059,2021,10,26
939,2021-10-27,3025.48999,607500,1008.950012,1273200,1167.329956,2021,10,27
940,2021-10-28,3009.550049,616900,1000.130005,1300,1172.170044,2021,10,28
941,2021-10-29,2970.679932,545300,992.330017,1300,1167.369995,2021,10,29
942,2021-11-01,2978.939941,475000,998.570007,1200,1174.380005,2021,11,1
943,2021-11-02,3013.48999,525400,1009.440002,1399900,1176.569946,2021,11,2
944,2021-11-03,2975.709961,658300,1005.0,1100,1178.040039,2021,11,3
945,2021-11-04,2983.219971,771700,1001.429993,1200,1179.339966,2021,11,4
946,2021-11-05,2969.27002,687400,1001.349976,1300,1185.829956,2021,11,5
947,2021-11-08,2960.199951,559600,1002.5,1300,1180.5,2021,11,8
948,2021-11-09,2962.459961,707800,1008.679993,1200,1199.859985,2021,11,9
949,2021-11-10,2930.169922,567300,987.75,1500,1177.5,2021,11,10
950,2021-11-11,2924.919922,571900,992.650024,1100,1184.140015,2021,11,11
951,2021-11-12,2968.800049,665000,1009.070007,900,1183.109985,2021,11,12
952,2021-11-15,2999.52002,638900,1029.030029,900,1179.109985,2021,11,15
953,2021-11-16,2997.209961,579000,1035.459961,1000,1183.51001,2021,11,16
954,2021-11-17,2962.419922,540700,1031.26001,1410200,1184.050049,2021,11,17
955,2021-11-18,2947.379883,541100,1032.77002,1500,1181.22998,2021,11,18
956,2021-11-19,2971.02002,656300,1041.920044,1300,1182.900024,2021,11,19
957,2021-11-22,3013.25,531000,1032.310059,1300,1191.630005,2021,11,22
958,2021-11-23,2997.330078,524200,1013.719971,1000,1189.5,2021,11,23
959,2021-11-24,2994.290039,556600,1020.130005,1000,1189.949951,2021,11,24
960,2021-11-25,2980.27002,595400,1015.659973,1100,1187.880005,2021,11,25
961,2021-11-26,2936.439941,594700,1005.890015,1200,1190.219971,2021,11,26
962,2021-11-29,2909.320068,841700,992.340027,1300,1194.609985,2021,11,29
963,2021-11-30,2839.01001,982400,965.630005,1400,1190.73999,2021,11,30
964,2021-12-01,2899.719971,563100,977.150024,1100,1182.859985,2021,12,1
965,2021-12-02,2945.27002,533700,977.429993,1100,1177.109985,2021,12,2
966,2021-12-03,2968.330078,486100,998.469971,1200,1176.77002,2021,12,3
967,2021-12-06,2973.25,479400,991.869995,1100,1183.140015,2021,12,6
968,2021-12-07,2991.719971,540900,996.640015,1000,1180.560059,2021,12,7
969,2021-12-08,3001.800049,487800,1006.039978,1100,1176.839966,2021,12,8
970,2021-12-09,3029.570068,513000,1022.869995,1061000,1172.560059,2021,12,9
971,2021-12-10,3010.22998,451200,1011.570007,1200,1177.329956,2021,12,10
972,2021-12-13,3001.659912,375400,1005.960022,1300,1178.969971,2021,12,13
973,2021-12-14,2987.949951,581200,1002.809998,1100,1185.099976,2021,12,14
974,2021-12-15,2989.389893,432500,1003.52002,1125300,1184.22998,2021,12,15
975,2021-12-16,3006.409912,402400,1007.859985,1300,1184.400024,2021,12,16
976,2021-12-17,3017.72998,451400,1001.26001,1100,1186.150024,2021,12,17
977,2021-12-20,2963.0,377100,990.51001,1009800,1186.390015,2021,12,20
978,2021-12-21,2975.030029,410500,996.599976,1400,1190.119995,2021,12,21
979,2021-12-22,2984.47998,461400,1000.130005,1200,1191.27002,2021,12,22
980,2021-12-23,2998.169922,483300,1003.309998,1400,1187.77002,2021,12,23
981,2021-12-24,3012.429932,537500,1007.419983,1200,1185.5,2021,12,24
982,2021-12-27,2999.550049,475000,1011.359985,1200,1185.920044,2021,12,27
983,2021-12-28,3020.23999,607000,1027.439941,1300,1185.650024,2021,12,28
984,2021-12-29,2993.290039,545800,1028.050049,1000,1187.849976,2021,12,29
985,2021-12-30,2977.649902,460600,1033.97998,900,1183.670044,2021,12,30
986,2022-01-04,2989.23999,621200,1031.660034,1324100,1194.680054,2022,1,4
987,2022-01-05,2953.969971,786900,1009.619995,1500500,1196.5,2022,1,5
988,2022-01-06,2920.530029,785500,980.299988,1500,1199.25,2022,1,6
989,2022-01-07,2954.889893,545800,995.159973,1500,1205.780029,2022,1,7
990,2022-01-10,2926.719971,477000,980.380005,1300,1196.880005,2022,1,10
991,2022-01-11,2927.379883,565800,969.919983,1300,1198.089966,2022,1,11
992,2022-01-12,2972.47998,519000,991.330017,1200,1189.430054,2022,1,12
993,2022-01-13,2962.090088,604600,983.25,1200,1185.880005,2022,1,13
994,2022-01-14,2921.919922,532300,971.390015,1400,1186.609985,2022,1,14
995,2022-01-17,2890.100098,592900,957.900024,1100,1188.959961,2022,1,17
996,2022-01-18,2864.23999,553700,943.940002,1100,1190.060059,2022,1,18
997,2022-01-19,2842.280029,463400,933.900024,1200,1192.97998,2022,1,19
998,2022-01-20,2862.679932,395400,958.700012,1000,1188.160034,2022,1,20
999,2022-01-21,2834.290039,532500,942.849976,1100,1192.430054,2022,1,21
1000,2022-01-24,2792.0,473600,915.400024,0,1191.5,2022,1,24
1001,2022-01-25,2720.389893,639400,889.440002,1300,1195.660034,2022,1,25
1002,2022-01-26,2709.23999,471800,882.090027,1100,1196.099976,2022,1,26
1003,2022-01-27,2614.48999,487100,849.22998,1200,1200.630005,2022,1,27
1004,2022-01-28,2663.340088,433700,872.869995,1000,1203.459961,2022,1,28
1005,2022-02-03,2707.820068,435300,891.599976,1100,1199.959961,2022,2,3
1006,2022-02-04,2750.26001,535900,902.869995,1100,1200.329956,2022,2,4
1007,2022-02-07,2745.060059,417600,899.400024,900,1197.089966,2022,2,7
1008,2022-02-08,2746.469971,559600,895.27002,1200,1196.849976,2022,2,8
1009,2022-02-09,2768.850098,538700,910.530029,900,1196.359985,2022,2,9
1010,2022-02-10,2771.929932,509300,895.679993,900,1194.030029,2022,2,10
1011,2022-02-11,2747.709961,480300,877.419983,1000,1199.349976,2022,2,11
1012,2022-02-14,2704.47998,616000,852.789978,889900,1199.23999,2022,2,14
1013,2022-02-15,2676.540039,588700,839.919983,1036300,1197.359985,2022,2,15
1014,2022-02-16,2729.679932,422100,878.150024,900,1196.829956,2022,2,16
1015,2022-02-17,2744.090088,611000,874.219971,1200,1196.75,2022,2,17
1016,2022-02-18,2744.52002,512900,881.710022,1000,1198.660034,2022,2,18
1017,2022-02-21,2743.800049,495000,884.25,900,1195.069946,2022,2,21
1018,2022-02-22,2706.790039,648100,868.109985,1100,1194.680054,2022,2,22
1019,2022-02-23,2719.530029,537700,877.330017,1100,1192.680054,2022,2,23
1020,2022-02-24,2648.800049,925900,848.210022,1700,1192.400024,2022,2,24
1021,2022-02-25,2676.76001,664100,872.97998,1400,1206.0,2022,2,25
1022,2022-02-28,2699.179932,613300,881.070007,1100,1197.589966,2022,2,28
1023,2022-03-02,2703.52002,527800,895.450012,1000,1205.369995,2022,3,2
1024,2022-03-03,2747.080078,614300,912.320007,1100,1203.150024,2022,3,3
1025,2022-03-04,2713.429932,765300,900.960022,1000,1205.98999,2022,3,4
1026,2022-03-07,2651.310059,571300,881.539978,900,1216.709961,2022,3,7
1027,2022-03-08,2622.399902,540100,870.140015,1000,1232.300049,2022,3,8
1028,2022-03-10,2680.320068,613500,889.080017,1000,1223.22998,2022,3,10
1029,2022-03-11,2661.280029,796500,891.710022,1100,1228.599976,2022,3,11
1030,2022-03-14,2645.649902,635900,872.440002,1200,1236.890015,2022,3,14
1031,2022-03-15,2621.530029,603700,871.219971,1200,1242.050049,2022,3,15
1032,2022-03-16,2659.22998,736000,891.799988,1300,1241.680054,2022,3,16
1033,2022-03-17,2694.51001,545500,914.130005,1500,1223.0,2022,3,17
1034,2022-03-18,2707.02002,643500,922.960022,1200,1210.329956,2022,3,18
1035,2022-03-21,2686.050049,502000,918.400024,1300,1210.369995,2022,3,21
1036,2022-03-22,2710.0,489100,924.669983,1400,1219.780029,2022,3,22
1037,2022-03-23,2735.050049,883000,930.570007,1400,1214.949951,2022,3,23
1038,2022-03-24,2729.659912,959600,931.75,1381200,1218.01001,2022,3,24
1039,2022-03-25,2729.97998,599800,934.690002,1600,1217.550049,2022,3,25
1040,2022-03-28,2729.560059,768000,927.109985,1400,1224.380005,2022,3,28
1041,2022-03-29,2741.070068,726700,937.830017,1500,1223.660034,2022,3,29
1042,2022-03-30,2746.73999,837800,939.070007,1500,1209.130005,2022,3,30
1043,2022-03-31,2757.649902,1029500,944.530029,1400,1210.439941,2022,3,31
1044,2022-04-01,2739.850098,1305000,940.570007,1300,1214.5,2022,4,1
1045,2022-04-04,2757.899902,1022500,947.320007,1100,1218.780029,2022,4,4
1046,2022-04-05,2759.199951,1605600,952.469971,1600,1213.900024,2022,4,5
1047,2022-04-06,2735.030029,1321300,943.130005,1400,1218.75,2022,4,6
1048,2022-04-07,2695.860107,998200,927.950012,1200,1217.599976,2022,4,7
1049,2022-04-08,2700.389893,948000,934.72998,900,1222.660034,2022,4,8
1050,2022-04-11,2693.100098,742100,921.830017,900,1228.23999,2022,4,11
1051,2022-04-12,2666.76001,870000,913.820007,1100,1235.050049,2022,4,12
1052,2022-04-13,2716.48999,732000,927.309998,1100,1228.599976,2022,4,13
1053,2022-04-14,2716.709961,664800,928.01001,1200,1223.119995,2022,4,14
1054,2022-04-15,2696.060059,693700,924.440002,1300,1230.099976,2022,4,15
1055,2022-04-18,2693.209961,1024600,918.22998,1100,1228.089966,2022,4,18
1056,2022-04-19,2718.889893,1256100,931.559998,1300,1235.349976,2022,4,19
1057,2022-04-20,2718.689941,1735700,928.929993,1258900,1239.599976,2022,4,20
1058,2022-04-21,2728.209961,1002600,929.679993,1400200,1234.089966,2022,4,21
1059,2022-04-22,2704.709961,1239400,922.780029,1400,1242.48999,2022,4,22
1060,2022-04-25,2657.129883,1017600,899.840027,1400,1243.160034,2022,4,25
1061,2022-04-26,2668.310059,889600,911.159973,1600,1249.209961,2022,4,26
1062,2022-04-27,2639.060059,1071800,896.179993,1855200,1260.709961,2022,4,27
1063,2022-04-28,2667.48999,898900,892.219971,1600,1266.280029,2022,4,28
1064,2022-04-29,2695.050049,975000,904.75,1500,1272.290039,2022,4,29
1065,2022-05-02,2687.449951,873400,901.820007,1200,1262.530029,2022,5,2
1066,2022-05-03,2680.459961,883100,907.570007,1600,1266.75,2022,5,3
1067,2022-05-04,2677.570068,1180500,900.059998,1400,1261.060059,2022,5,4
1068,2022-05-06,2644.51001,1333600,884.219971,1100,1268.699951,2022,5,6
1069,2022-05-10,2596.560059,840900,856.140015,1300,1274.859985,2022,5,10
1070,2022-05-11,2592.27002,679300,866.340027,1100,1276.550049,2022,5,11
1071,2022-05-12,2550.080078,899900,833.659973,1100,1278.150024,2022,5,12
1072,2022-05-13,2604.23999,788300,853.080017,1000,1290.75,2022,5,13
1073,2022-05-16,2596.580078,780000,856.25,1000,1277.569946,2022,5,16
1074,2022-05-17,2620.439941,873000,865.97998,913800,1279.849976,2022,5,17
1075,2022-05-18,2625.97998,869300,865.97998,1100,1266.660034,2022,5,18
1076,2022-05-19,2592.340088,676900,863.799988,1200,1275.579956,2022,5,19
1077,2022-05-20,2639.290039,752400,879.880005,1100,1263.550049,2022,5,20
1078,2022-05-23,2647.379883,641900,883.590027,1100,1273.209961,2022,5,23
1079,2022-05-24,2605.870117,850700,865.070007,1100,1258.819946,2022,5,24
1080,2022-05-25,2617.219971,710200,872.690002,1000,1260.98999,2022,5,25
1081,2022-05-26,2612.449951,595300,871.429993,900,1266.599976,2022,5,26
1082,2022-05-27,2638.050049,590500,873.969971,1300,1258.890015,2022,5,27
1083,2022-05-30,2669.659912,469300,886.440002,1000,1251.589966,2022,5,30
1084,2022-05-31,2685.899902,670700,893.359985,1300,1236.170044,2022,5,31
1085,2022-06-02,2658.98999,524900,891.140015,1200,1246.949951,2022,6,2
1086,2022-06-03,2670.649902,562200,891.51001,1200,1240.839966,2022,6,3
1087,2022-06-07,2626.340088,524300,873.780029,1100,1254.47998,2022,6,7
1088,2022-06-08,2626.149902,576000,874.950012,1336500,1254.579956,2022,6,8
1089,2022-06-09,2625.439941,814500,877.179993,1300,1256.73999,2022,6,9
1090,2022-06-10,2595.870117,723800,869.859985,1200,1264.02002,2022,6,10
1091,2022-06-13,2504.51001,659800,828.77002,1300,1278.280029,2022,6,13
1092,2022-06-14,2492.969971,671200,823.580017,1300,1291.800049,2022,6,14
1093,2022-06-15,2447.379883,713800,799.409973,1200,1289.47998,2022,6,15
1094,2022-06-16,2451.409912,583800,802.150024,1000,1278.160034,2022,6,16
1095,2022-06-17,2440.929932,634200,798.690002,1000,1288.180054,2022,6,17
1096,2022-06-20,2391.030029,592100,769.919983,0,1290.5,2022,6,20
1097,2022-06-21,2408.929932,479400,778.299988,1000,1292.380005,2022,6,21
1098,2022-06-22,2342.810059,531800,746.960022,1100,1291.599976,2022,6,22
1099,2022-06-23,2314.320068,749200,714.380005,1300,1297.680054,2022,6,23
1100,2022-06-24,2366.600098,654100,750.299988,800,1299.810059,2022,6,24
1101,2022-06-27,2401.919922,509700,770.599976,900,1288.290039,2022,6,27
1102,2022-06-28,2422.090088,564700,769.51001,1000,1286.199951,2022,6,28
1103,2022-06-29,2377.98999,422100,762.349976,800,1292.030029,2022,6,29
1104,2022-06-30,2332.639893,515000,745.440002,0,1301.72998,2022,6,30
1105,2022-07-01,2305.419922,530100,729.47998,800,1287.709961,2022,7,1
1106,2022-07-04,2300.340088,467700,722.72998,0,1297.890015,2022,7,4
1107,2022-07-05,2341.780029,323600,750.950012,936700,1295.680054,2022,7,5
1108,2022-07-06,2292.01001,410600,744.630005,700,1308.660034,2022,7,6
1109,2022-07-07,2334.27002,340000,757.969971,800,1304.849976,2022,7,7
1110,2022-07-08,2350.610107,411200,766.47998,900,1297.650024,2022,7,8
1111,2022-07-11,2340.27002,376900,767.039978,800,1293.790039,2022,7,11
1112,2022-07-12,2317.76001,379000,750.780029,800,1310.859985,2022,7,12
1113,2022-07-13,2328.610107,308400,763.179993,900,1305.829956,2022,7,13
1114,2022-07-14,2322.320068,348900,766.080017,800,1304.849976,2022,7,14
1115,2022-07-15,2330.97998,319300,762.390015,900,1316.180054,2022,7,15
1116,2022-07-18,2375.25,324100,776.719971,700,1318.119995,2022,7,18
1117,2022-07-19,2370.969971,339200,782.330017,700,1318.910034,2022,7,19
1118,2022-07-20,2386.850098,333000,790.719971,900,1305.5,2022,7,20
1119,2022-07-21,2409.159912,295500,795.150024,900,1312.869995,2022,7,21
1120,2022-07-22,2393.139893,381400,789.75,900,1306.849976,2022,7,22
1121,2022-07-25,2403.689941,322900,789.690002,900,1309.319946,2022,7,25
1122,2022-07-26,2412.959961,415100,789.929993,800,1310.400024,2022,7,26
1123,2022-07-27,2415.530029,333400,795.700012,700,1310.900024,2022,7,27
1124,2022-07-28,2435.27002,490900,798.320007,700,1305.949951,2022,7,28
1125,2022-07-29,2451.5,499000,803.619995,800,1295.150024,2022,7,29
1126,2022-08-01,2452.25,487000,807.609985,800,1302.280029,2022,8,1
1127,2022-08-02,2439.620117,549800,804.340027,905900,1306.75,2022,8,2
1128,2022-08-03,2461.449951,475200,815.359985,1000,1314.630005,2022,8,3
1129,2022-08-04,2473.110107,398500,825.159973,900,1307.380005,2022,8,4
1130,2022-08-05,2490.800049,409400,831.640015,900,1302.079956,2022,8,5
1131,2022-08-08,2493.100098,418100,830.859985,900,1302.73999,2022,8,8
1132,2022-08-09,2503.459961,454200,833.650024,976700,1299.030029,2022,8,9
1133,2022-08-10,2480.879883,479300,820.27002,900,1307.560059,2022,8,10
1134,2022-08-11,2523.780029,505100,832.150024,900,1296.699951,2022,8,11
1135,2022-08-12,2527.939941,445100,831.630005,800,1306.829956,2022,8,12
1136,2022-08-16,2533.52002,398100,834.73999,900,1313.180054,2022,8,16
1137,2022-08-17,2516.469971,417800,827.419983,1100,1311.0,2022,8,17
1138,2022-08-18,2508.050049,381400,826.059998,1000,1314.829956,2022,8,18
1139,2022-08-19,2492.689941,459700,814.169983,900,1326.910034,2022,8,19
1140,2022-08-22,2462.5,422400,795.869995,811900,1334.859985,2022,8,22
1141,2022-08-23,2435.340088,471000,783.419983,900,1343.359985,2022,8,23
1142,2022-08-24,2447.449951,423300,793.140015,700,1339.079956,2022,8,24
1143,2022-08-25,2477.26001,426000,807.369995,630300,1340.0,2022,8,25
1144,2022-08-26,2481.030029,519900,802.450012,700,1334.439941,2022,8,26
1145,2022-08-29,2426.889893,447200,779.890015,619600,1341.180054,2022,8,29
1146,2022-08-30,2450.929932,336200,797.02002,700,1345.72998,2022,8,30
1147,2022-08-31,2472.050049,435900,807.039978,637500,1350.189941,2022,8,31
1148,2022-09-01,2415.610107,579300,788.320007,711400,1342.26001,2022,9,1
1149,2022-09-02,2409.409912,391400,785.880005,800,1355.099976,2022,9,2
1150,2022-09-05,2403.679932,354700,771.429993,700,1361.51001,2022,9,5
1151,2022-09-06,2410.02002,294100,779.460022,700,1361.810059,2022,9,6
1152,2022-09-07,2376.459961,377900,768.190002,800,1378.109985,2022,9,7
1153,2022-09-08,2384.280029,423600,777.809998,700,1374.310059,2022,9,8
1154,2022-09-13,2449.540039,366900,796.789978,800,1375.810059,2022,9,13
1155,2022-09-14,2411.419922,461300,782.929993,900,1393.469971,2022,9,14
1156,2022-09-15,2401.830078,423900,781.380005,900,1391.180054,2022,9,15
1157,2022-09-16,2382.780029,440300,770.039978,900,1398.630005,2022,9,16
1158,2022-09-19,2355.659912,403700,751.909973,900,1385.22998,2022,9,19
1159,2022-09-20,2367.850098,419200,760.349976,800,1390.109985,2022,9,20
1160,2022-09-21,2347.209961,378000,754.890015,900,1392.51001,2022,9,21
1161,2022-09-22,2332.310059,446600,751.409973,1000,1397.560059,2022,9,22
1162,2022-09-23,2290.0,446300,729.359985,900,1403.660034,2022,9,23
1163,2022-09-26,2220.939941,621400,692.369995,900,1421.810059,2022,9,26
1164,2022-09-27,2223.860107,487600,698.109985,900,1429.77002,2022,9,27
1165,2022-09-28,2169.290039,595700,673.869995,900,1426.26001,2022,9,28
1166,2022-09-29,2170.929932,508200,675.070007,800,1421.949951,2022,9,29
1167,2022-09-30,2155.48999,950000,672.650024,800,1430.170044,2022,9,30
1168,2022-10-04,2209.379883,420700,696.789978,700,1433.339966,2022,10,4
1169,2022-10-05,2215.219971,855400,685.340027,800,1416.530029,2022,10,5
1170,2022-10-06,2237.860107,642700,706.01001,1100,1416.76001,2022,10,6
1171,2022-10-07,2232.840088,428500,698.48999,1100,1408.449951,2022,10,7
1172,2022-10-11,2192.070068,859100,669.5,1200,1428.349976,2022,10,11
1173,2022-10-12,2202.469971,658000,671.669983,1100,1430.800049,2022,10,12
1174,2022-10-13,2162.870117,792200,651.590027,1100,1423.900024,2022,10,13
1175,2022-10-14,2212.550049,512900,678.23999,900,1430.300049,2022,10,14
1176,2022-10-17,2219.709961,498500,682.0,800,1440.76001,2022,10,17
1177,2022-10-18,2249.949951,580700,697.090027,1100,1430.150024,2022,10,18
1178,2022-10-19,2237.439941,895000,690.559998,1100,1425.02002,2022,10,19
1179,2022-10-20,2218.090088,1108000,680.440002,1100,1435.01001,2022,10,20
1180,2022-10-21,2213.120117,637400,674.47998,1000,1430.310059,2022,10,21
1181,2022-10-24,2236.159912,444700,688.5,800,1428.109985,2022,10,24
1182,2022-10-25,2235.070068,456700,688.849976,1000,1443.959961,2022,10,25
1183,2022-10-26,2249.560059,563300,683.169983,1000,1426.930054,2022,10,26
1184,2022-10-27,2288.780029,587700,695.090027,900,1412.689941,2022,10,27
1185,2022-10-28,2268.399902,427100,687.630005,800,1420.650024,2022,10,28
1186,2022-10-31,2293.610107,401300,695.330017,800,1421.650024,2022,10,31
1187,2022-11-01,2335.219971,597100,700.049988,900,1424.670044,2022,11,1
1188,2022-11-02,2336.870117,450200,697.369995,900,1416.599976,2022,11,2
1189,2022-11-03,2329.169922,550300,694.130005,707300,1423.099976,2022,11,3
1190,2022-11-04,2348.429932,436200,693.890015,700,1423.650024,2022,11,4
1191,2022-11-07,2371.790039,392300,700.47998,700,1402.109985,2022,11,7
1192,2022-11-08,2399.040039,499800,713.330017,800,1392.699951,2022,11,8
1193,2022-11-09,2424.409912,680500,714.599976,900,1374.150024,2022,11,9
1194,2022-11-10,2402.22998,899000,707.780029,1000,1370.550049,2022,11,10
1195,2022-11-11,2483.159912,758000,731.219971,1100,1349.369995,2022,11,11
1196,2022-11-14,2474.649902,730900,729.539978,1100,1313.030029,2022,11,14
1197,2022-11-15,2480.330078,617100,744.960022,1100,1324.079956,2022,11,15
1198,2022-11-16,2477.449951,657600,743.099976,1200,1316.26001,2022,11,16
1199,2022-11-17,2442.899902,914400,737.539978,1000,1336.430054,2022,11,17
1200,2022-11-18,2444.47998,589500,731.919983,1300,1342.75,2022,11,18
1201,2022-11-21,2419.5,544500,718.570007,1000,1339.030029,2022,11,21
1202,2022-11-22,2405.27002,539200,712.26001,900,1359.75,2022,11,22
1203,2022-11-23,2418.01001,474800,725.590027,830100,1352.689941,2022,11,23
1204,2022-11-24,2441.330078,481200,738.219971,800,1336.810059,2022,11,24
1205,2022-11-25,2437.860107,438400,733.559998,700,1317.890015,2022,11,25
1206,2022-11-28,2408.27002,350100,717.900024,900,1334.560059,2022,11,28
1207,2022-11-29,2433.389893,550000,727.539978,800,1340.119995,2022,11,29
1208,2022-11-30,2472.530029,593900,729.539978,813600,1325.369995,2022,11,30
1209,2022-12-01,2479.840088,491200,740.599976,825100,1279.800049,2022,12,1
1210,2022-12-02,2434.330078,468500,732.950012,856600,1303.25,2022,12,2
1211,2022-12-05,2419.320068,385200,733.320007,1100,1299.170044,2022,12,5
1212,2022-12-06,2393.159912,367800,719.440002,900,1304.369995,2022,12,6
1213,2022-12-07,2382.810059,332100,718.140015,1000,1319.709961,2022,12,7
1214,2022-12-08,2371.080078,351600,712.52002,1100,1314.099976,2022,12,8
1215,2022-12-09,2389.040039,315300,719.48999,1300,1316.630005,2022,12,9
1216,2022-12-12,2373.02002,498900,715.219971,1000,1303.170044,2022,12,12
1217,2022-12-13,2372.399902,447100,715.159973,1191300,1305.920044,2022,12,13
1218,2022-12-14,2399.25,409400,729.0,1082200,1288.97998,2022,12,14
1219,2022-12-15,2360.969971,374300,722.679993,957400,1295.680054,2022,12,15
1220,2022-12-16,2360.02002,414200,717.409973,900,1317.099976,2022,12,16
1221,2022-12-19,2352.169922,323600,717.219971,800,1308.859985,2022,12,19
1222,2022-12-20,2333.290039,358100,703.130005,1000,1301.329956,2022,12,20
1223,2022-12-21,2328.949951,329400,705.700012,900,1283.640015,2022,12,21
1224,2022-12-22,2356.72998,552800,715.02002,900,1280.77002,2022,12,22
1225,2022-12-23,2313.689941,367000,691.25,1100,1290.199951,2022,12,23
1226,2022-12-26,2317.139893,427600,810.9831571757527,318201,1279.23999,2022,12,26
1227,2022-12-27,2332.790039,448300,704.190002,900,1275.130005,2022,12,27
1228,2022-12-28,2280.449951,405700,692.369995,800,1272.280029,2022,12,28
1229,2022-12-29,2236.399902,361000,679.289978,1000,1274.319946,2022,12,29
